2015105000,キングオブポップ,boba,2015-02-09,13,3,2,1,7,12150000,0,0,スマートファルコン,ゴールドアリュール,サンデーサイレンス,Halo,WishingWell,ニキーヤ,Nureyev,ReluctantGuest,ケイシュウハーブ,ミシシッピアン,VaguelyNoble,Gazala,キョウエイシラユキ,クラウンドプリンス,アリアーン,ポップチャート,アフリート,Mr.Prospector,RaiseaNative,GoldDigger,PoliteLady,VenetianJester,FriendlyWays,ポップス,サンデーサイレンス,Halo,WishingWell,ポップシンガー,Secretariat,IcyPop
2015105001,ポトリザリスの2015,hinba,2015-03-16,0,0,0,0,0,0,0,0,キンシャサノキセキ,フジキセキ,サンデーサイレンス,Halo,WishingWell,ミルレーサー,LeFabuleux,Marston'sMill,ケルトシャーン,PleasantColony,HisMajesty,SunColony,Featherhill,Lyphard,LadyBerry,ポトリザリス,Potrillazo,Ahmad,GoodManners,Azyade,Azalee,TropicalSun,Akinos,Chaldee,BannerSport,RaiseaNative,LaDauphine,Gevar,RightofWay,Zaris
2015105002,ヒシシンハラ,boba,2015-02-17,0,0,0,0,0,0,0,0,ゴールドアリュール,サンデーサイレンス,Halo,HailtoReason,Cosmah,WishingWell,Understanding,MountainFlower,ニキーヤ,Nureyev,NorthernDancer,Special,ReluctantGuest,Hostage,VaguelyRoyal,ポロンナルワ,Rahy,BlushingGroom,RedGod,RunawayBride,GloriousSong,Halo,Ballade,シンハリーズ,シングスピール,IntheWings,GloriousSong,Baize,Efisio,Bayonne
2015105003,ムーンライトナイト,hinba,2015-02-27,15,2,0,2,11,24920000,0,0,ステイゴールド,サンデーサイレンス,Halo,HailtoReason,Cosmah,WishingWell,Understanding,MountainFlower,ゴールデンサッシュ,ディクタス,Sanctus,Doronic,ダイナサッシュ,ノーザンテースト,ロイヤルサッシュ,ポーレン,Orpen,Lure,Danzig,Endear,BonitaFrancita,Devil'sBag,RaisetheStandard,OnAir,ChiefSinger,BalladRock,Principia,GreenLight,GreenDancer,Ranimer
2015105004,モンヴァントゥ,boba,2015-03-01,3,0,1,0,2,2800000,0,0,ヴィクトワールピサ,ネオユニヴァース,サンデーサイレンス,Halo,WishingWell,ポインテッドパス,Kris,SilkenWay,ホワイトウォーターアフェア,Machiavellian,Mr.Prospector,CoupdeFolie,MuchTooRisky,Bustino,ShortRations,マイティースルー,クロフネ,フレンチデピュティ,DeputyMinister,Mitterand,ブルーアヴェニュー,ClassicGoGo,ElizaBlue,スルーオール,SeattleSlew,BoldReasoning,MyCharmer,OverAll,Mr.Prospector,FullTigress
2015105005,スールマカロン,hinba,2015-03-21,10,0,2,0,8,8550000,0,0,ハービンジャー,Dansili,デインヒル,Danzig,Razyana,Hasili,Kahyasi,Kerali,PenangPearl,Bering,ArcticTern,Beaune,Guapa,ShareefDancer,Sauceboat,マカロンドナンシー,ダンスインザダーク,サンデーサイレンス,Halo,WishingWell,ダンシングキイ,Nijinsky,KeyPartner,アドマイヤマカディ,ノーザンテースト,NorthernDancer,LadyVictoria,ミセスマカディー,トライバルチーフ,Hanina
2015105006,サーベイヤースリー,boba,2015-04-20,24,0,2,4,18,460000,0,0,ワークフォース,キングズベスト,Kingmambo,Mr.Prospector,Miesque,Allegretta,Lombard,Anatevka,SovietMoon,Sadler'sWells,NorthernDancer,FairyBridge,EvaLuna,Alleged,MediaLuna,マギストラ,ディープインパクト,サンデーサイレンス,Halo,WishingWell,ウインドインハーヘア,Alzao,Burghclere,マンファス,ラストタイクーン,トライマイベスト,MillPrincess,PilotBird,Blakeney,TheDancer
2015105007,マコトスクラリキ,hinba,2015-03-10,5,0,0,0,5,10000,0,0,マコトスパルビエロ,ブライアンズタイム,Roberto,HailtoReason,Bramalea,Kelley'sDay,Graustark,GoldenTrail,マコトシュンレイ,リンドシェーバー,Alydar,ベーシイド,サファイヤジョオー,ベリファ,ワールドサファイヤ,マコトキンラン,サンデーサイレンス,Halo,HailtoReason,Cosmah,WishingWell,Understanding,MountainFlower,ブゼンキャンドル,モガミ,Lyphard,ノーラック,ブゼンスワン,アスワン,ブゼンノハナ
2015105008,タイセイトレイル,boba,2015-02-05,19,4,3,4,8,84110000,0,0,ハーツクライ,サンデーサイレンス,Halo,HailtoReason,Cosmah,WishingWell,Understanding,MountainFlower,アイリッシュダンス,トニービン,カンパラ,SevernBridge,ビューパーダンス,Lyphard,MyBupers,マザーウェル,シンボリクリスエス,KrisS.,Roberto,SharpQueen,TeeKay,GoldMeridian,TriArgo,シンコウラブリイ,Caerleon,Nijinsky,Foreseer,ハッピートレイルズ,ポツセ,ロイコン
2015105009,ケールダンセール,hinba,2015-04-19,8,2,0,3,3,19000000,0,0,クロフネ,フレンチデピュティ,DeputyMinister,ViceRegent,MintCopy,Mitterand,HoldYourPeace,LaredoLass,ブルーアヴェニュー,ClassicGoGo,PagoPago,ClassicPerfection,ElizaBlue,Icecapade,コレラ,マチカネセキガハラ,フジキセキ,サンデーサイレンス,Halo,WishingWell,ミルレーサー,LeFabuleux,Marston'sMill,マチカネチコウヨレ,DeputyMinister,ViceRegent,MintCopy,Alysbelle,Alydar,BelSheba
2015105010,ハーツフェルト,hinba,2015-02-12,15,1,1,0,13,8600000,0,0,ハーツクライ,サンデーサイレンス,Halo,HailtoReason,Cosmah,WishingWell,Understanding,MountainFlower,アイリッシュダンス,トニービン,カンパラ,SevernBridge,ビューパーダンス,Lyphard,MyBupers,マチカネタマカズラ,Kingmambo,Mr.Prospector,RaiseaNative,GoldDigger,Miesque,Nureyev,Pasadoble,SweetandReady,ElPrado,Sadler'sWells,LadyCapulet,SweetandSteady,SteadyGrowth,PleaseTryHard
2015105011,ウェルカムゴールド,boba,2015-05-04,7,3,1,1,2,30200000,0,0,ゴールドアリュール,サンデーサイレンス,Halo,HailtoReason,Cosmah,WishingWell,Understanding,MountainFlower,ニキーヤ,Nureyev,NorthernDancer,Special,ReluctantGuest,Hostage,VaguelyRoyal,マチカネチコウヨレ,DeputyMinister,ViceRegent,NorthernDancer,VictoriaRegina,MintCopy,Bunty'sFlight,Shakney,Alysbelle,Alydar,RaiseaNative,SweetTooth,BelSheba,Lt.Stevens,Belthazar
2015105012,ララプリムヴェール,hinba,2015-02-13,4,2,1,0,1,14600000,1,0,クロフネ,フレンチデピュティ,DeputyMinister,ViceRegent,MintCopy,Mitterand,HoldYourPeace,LaredoLass,ブルーアヴェニュー,ClassicGoGo,PagoPago,ClassicPerfection,ElizaBlue,Icecapade,コレラ,マチカネハナサソウ,スペシャルウィーク,サンデーサイレンス,Halo,WishingWell,キャンペンガール,マルゼンスキー,レディーシラオキ,マチカネハツシマダ,PrivateAccount,Damascus,NumberedAccount,Yousefia,Danzig,ForeignCourier
2015105013,ダノンポピー,hinba,2015-03-02,5,2,0,1,2,18290000,0,0,ダイワメジャー,サンデーサイレンス,Halo,HailtoReason,Cosmah,WishingWell,Understanding,MountainFlower,スカーレットブーケ,ノーザンテースト,NorthernDancer,LadyVictoria,スカーレットインク,CrimsonSatan,Consentida,マネーキャントバイミーラヴ,Pivotal,PolarFalcon,Nureyev,Maried'Argonne,FearlessRevival,Cozzene,Stufida,Sabreon,Caerleon,Nijinsky,Foreseer,Sabria,Miswaki,Flood
2015105014,シホノキラメキ,hinba,2015-04-01,16,3,1,1,11,1700000,0,0,タートルボウル,DyhimDiamond,NightShift,NorthernDancer,Ciboulette,HappyLanding,Homing,LaughingGoddess,ClaraBow,TopVille,HighTop,SegaVille,Kamiya,Kalamoun,Shahinaaz,マハーバーラタ,ディープインパクト,サンデーサイレンス,Halo,WishingWell,ウインドインハーヘア,Alzao,Burghclere,マハーブ,Nureyev,NorthernDancer,Special,PersonalBusiness,PrivateAccount,HeavenlyMatch
2015105015,タイセイビスタ,boba,2015-02-01,20,1,2,3,14,5850000,0,0,シンボリクリスエス,KrisS.,Roberto,HailtoReason,Bramalea,SharpQueen,Princequillo,Bridgework,TeeKay,GoldMeridian,SeattleSlew,QueenLouie,TriArgo,TriJet,HailProudly,マハービスタ,ディープインパクト,サンデーサイレンス,Halo,WishingWell,ウインドインハーヘア,Alzao,Burghclere,マハーブ,Nureyev,NorthernDancer,Special,PersonalBusiness,PrivateAccount,HeavenlyMatch
2015105016,パンセリノス,hinba,2015-04-20,2,1,0,0,1,300000,0,0,スマートファルコン,ゴールドアリュール,サンデーサイレンス,Halo,WishingWell,ニキーヤ,Nureyev,ReluctantGuest,ケイシュウハーブ,ミシシッピアン,VaguelyNoble,Gazala,キョウエイシラユキ,クラウンドプリンス,アリアーン,マヒナ,キングカメハメハ,Kingmambo,Mr.Prospector,Miesque,マンファス,ラストタイクーン,PilotBird,モアムーンライト,MoreThanReady,サザンヘイロー,Woodman'sGirl,MissMoonlight,BroadBrush,SultrySally
2015105017,シャンテューズ,hinba,2015-03-27,9,1,0,1,7,7300000,0,0,クロフネ,フレンチデピュティ,DeputyMinister,ViceRegent,MintCopy,Mitterand,HoldYourPeace,LaredoLass,ブルーアヴェニュー,ClassicGoGo,PagoPago,ClassicPerfection,ElizaBlue,Icecapade,コレラ,マリーシャンタル,サンデーサイレンス,Halo,HailtoReason,Cosmah,WishingWell,Understanding,MountainFlower,ダイナカール,ノーザンテースト,NorthernDancer,LadyVictoria,シャダイフェザー,ガーサント,パロクサイド
2015105018,ショーンガウアー,boba,2015-02-07,9,2,2,0,5,18300000,0,0,オルフェーヴル,ステイゴールド,サンデーサイレンス,Halo,WishingWell,ゴールデンサッシュ,ディクタス,ダイナサッシュ,オリエンタルアート,メジロマックイーン,メジロティターン,メジロオーロラ,エレクトロアート,ノーザンテースト,グランマスティーヴンス,マルティンスターク,シンボリクリスエス,KrisS.,Roberto,SharpQueen,TeeKay,GoldMeridian,TriArgo,ラテルネ,トニービン,カンパラ,SevernBridge,ヨシオカザン,エルギャロー,ミートミーレイター
2015105019,マルケッサ,hinba,2015-01-27,5,0,0,0,5,1750000,0,0,オルフェーヴル,ステイゴールド,サンデーサイレンス,Halo,WishingWell,ゴールデンサッシュ,ディクタス,ダイナサッシュ,オリエンタルアート,メジロマックイーン,メジロティターン,メジロオーロラ,エレクトロアート,ノーザンテースト,グランマスティーヴンス,マルペンサ,Orpen,Lure,Danzig,Endear,BonitaFrancita,Devil'sBag,RaisetheStandard,Marsella,サザンヘイロー,Halo,NorthernSea,Riviere,Logical,Talonada
2015105020,ゴロンドリーナ,hinba,2015-02-09,7,1,0,1,5,6300000,0,0,ゴールドアリュール,サンデーサイレンス,Halo,HailtoReason,Cosmah,WishingWell,Understanding,MountainFlower,ニキーヤ,Nureyev,NorthernDancer,Special,ReluctantGuest,Hostage,VaguelyRoyal,マージナルグラマー,CraftyProspector,Mr.Prospector,RaiseaNative,GoldDigger,RealCraftyLady,InReality,PrincessRoycraft,SakuraFabulous,FabulousDancer,NorthernDancer,LastoftheLine,ローラローラ,SaintCyrien,BoldLady
2015105021,コズミックフォース,boba,2015-02-14,10,2,1,2,5,97120000,5,0,キングカメハメハ,Kingmambo,Mr.Prospector,RaiseaNative,GoldDigger,Miesque,Nureyev,Pasadoble,マンファス,ラストタイクーン,トライマイベスト,MillPrincess,PilotBird,Blakeney,TheDancer,ミクロコスモス,ネオユニヴァース,サンデーサイレンス,Halo,WishingWell,ポインテッドパス,Kris,SilkenWay,ユーアンミー,Marquetry,ConquistadorCielo,Regent'sWalk,Archimillionnaire,Medailled'Or,Conqueluche
2015105022,ワグネリアン,boba,2015-02-10,9,5,1,1,2,42280000,7,1,ディープインパクト,サンデーサイレンス,Halo,HailtoReason,Cosmah,WishingWell,Understanding,MountainFlower,ウインドインハーヘア,Alzao,Lyphard,LadyRebecca,Burghclere,Busted,Highclere,ミスアンコール,キングカメハメハ,Kingmambo,Mr.Prospector,Miesque,マンファス,ラストタイクーン,PilotBird,ブロードアピール,BroadBrush,AckAck,HayPatcher,ValidAllure,ValidAppeal,AlluringGirl
2015105023,ミカリーニョ,hinba,2015-04-15,10,2,2,0,6,20600000,0,0,ハーツクライ,サンデーサイレンス,Halo,HailtoReason,Cosmah,WishingWell,Understanding,MountainFlower,アイリッシュダンス,トニービン,カンパラ,SevernBridge,ビューパーダンス,Lyphard,MyBupers,ミスエーニョ,Pulpit,A.P.Indy,SeattleSlew,WeekendSurprise,Preach,Mr.Prospector,Narrate,MadcapEscapade,ヘネシー,StormCat,IslandKitty,SassyPants,SaratogaSix,SpecialPortion
2015105024,ミスティックグロウ,boba,2015-02-24,4,3,0,0,1,27820000,0,0,オルフェーヴル,ステイゴールド,サンデーサイレンス,Halo,WishingWell,ゴールデンサッシュ,ディクタス,ダイナサッシュ,オリエンタルアート,メジロマックイーン,メジロティターン,メジロオーロラ,エレクトロアート,ノーザンテースト,グランマスティーヴンス,ミスティックリップス,ジェネラス,Caerleon,Nijinsky,Foreseer,DofftheDerby,MasterDerby,Margarethen,Majorata,Acatenango,Surumu,Aggravate,Majoritat,Konigsstuhl,Monacchia
2015105025,レーツェル,hinba,2015-02-24,5,3,0,0,2,29500000,1,0,マンハッタンカフェ,サンデーサイレンス,Halo,HailtoReason,Cosmah,WishingWell,Understanding,MountainFlower,サトルチェンジ,LawSociety,Alleged,BoldBikini,SantaLuciana,Luciano,Suleika,ミスティークII,Monsun,Konigsstuhl,DschingisKhan,Konigskronung,Mosella,Surumu,Monasia,Montfleur,Sadler'sWells,NorthernDancer,FairyBridge,Mackie,SummerSquall,GlowingTribute
2015105026,シエラネバダ,boba,2015-02-28,15,1,0,3,11,12550000,0,0,ディープインパクト,サンデーサイレンス,Halo,HailtoReason,Cosmah,WishingWell,Understanding,MountainFlower,ウインドインハーヘア,Alzao,Lyphard,LadyRebecca,Burghclere,Busted,Highclere,ミスパスカリ,Mr.Greeley,GoneWest,Mr.Prospector,Secrettame,LongLegend,Reviewer,Lianga,ブルーアヴェニュー,ClassicGoGo,PagoPago,ClassicPerfection,ElizaBlue,Icecapade,コレラ
2015105027,タイセイグランツ,boba,2015-03-05,8,1,0,0,7,5000000,0,0,ハーツクライ,サンデーサイレンス,Halo,HailtoReason,Cosmah,WishingWell,Understanding,MountainFlower,アイリッシュダンス,トニービン,カンパラ,SevernBridge,ビューパーダンス,Lyphard,MyBupers,ミッキーパール,タニノギムレット,ブライアンズタイム,Roberto,Kelley'sDay,タニノクリスタル,クリスタルパレス,タニノシーバード,エヴリウィスパー,ノーザンテースト,NorthernDancer,LadyVictoria,クラフテイワイフ,CraftyProspector,WifeMistress
2015105028,ロングランメーカー,boba,2015-02-12,6,0,2,3,1,9150000,0,0,エンパイアメーカー,Unbridled,Fappiano,Mr.Prospector,Killaloe,GanaFacil,LeFabuleux,Charedi,Toussaud,ElGranSenor,NorthernDancer,SexAppeal,ImageofReality,InReality,Edee'sImage,ミュージカルウェイ,GoldAway,Goldneyev,Nureyev,GoldRiver,BlushingAway,BlushingGroom,スイートリベンジ,Mulika,Procida,Mr.Prospector,WithDistinction,Gazelia,Icecapade,DolsJaminque
2015105029,ミライエの2015,hinba,2015-02-20,0,0,0,0,0,0,0,0,ジャングルポケット,トニービン,カンパラ,Kalamoun,StatePension,SevernBridge,Hornbeam,PriddyFair,ダンスチャーマー,Nureyev,NorthernDancer,Special,SkillfulJoy,Nodouble,SkillfulMiss,ミライエ,ディープインパクト,サンデーサイレンス,Halo,WishingWell,ウインドインハーヘア,Alzao,Burghclere,アドマイヤキラメキ,エンドスウィープ,フォーティナイナー,BroomDance,エヴリウィスパー,ノーザンテースト,クラフテイワイフ
2015105030,メイラヴェル,hinba,2015-03-26,10,2,3,1,4,32500000,0,0,ダイワメジャー,サンデーサイレンス,Halo,HailtoReason,Cosmah,WishingWell,Understanding,MountainFlower,スカーレットブーケ,ノーザンテースト,NorthernDancer,LadyVictoria,スカーレットインク,CrimsonSatan,Consentida,ミリオンウィッシーズ,Darshaan,ShirleyHeights,MillReef,Hardiemma,Delsy,Abdos,Kelty,Moonlight'sBox,Nureyev,NorthernDancer,Special,CoupdeGenie,Mr.Prospector,CoupdeFolie
2015105031,ストームユニバンス,boba,2015-01-17,26,0,5,3,18,750000,0,0,ハービンジャー,Dansili,デインヒル,Danzig,Razyana,Hasili,Kahyasi,Kerali,PenangPearl,Bering,ArcticTern,Beaune,Guapa,ShareefDancer,Sauceboat,ムスタパルタ,Tapit,Pulpit,A.P.Indy,Preach,TapYourHeels,Unbridled,RubySlippers,ワンダーレディアンエル,RealQuiet,QuietAmerican,ReallyBlue,アンチョ,ワイルドゾーン,RuthAnnd'Or
2015105032,ユーキャンスマイル,boba,2015-05-03,12,5,3,1,3,176900000,6,1,キングカメハメハ,Kingmambo,Mr.Prospector,RaiseaNative,GoldDigger,Miesque,Nureyev,Pasadoble,マンファス,ラストタイクーン,トライマイベスト,MillPrincess,PilotBird,Blakeney,TheDancer,ムードインディゴ,ダンスインザダーク,サンデーサイレンス,Halo,WishingWell,ダンシングキイ,Nijinsky,KeyPartner,リープフォージョイ,Sharpo,SharpenUp,MoietyBird,HumblePie,KnownFact,ScarcelyBlessed
2015105033,オウケンムーン,boba,2015-03-14,8,3,0,0,5,57150000,5,1,オウケンブルースリ,ジャングルポケット,トニービン,カンパラ,SevernBridge,ダンスチャーマー,Nureyev,SkillfulJoy,シルバージョイ,SilverDeputy,DeputyMinister,SilverValley,JoyofMyrtlewood,NorthernJove,MyrtlewoodLass,ムーンフェイズ,エリシオ,FairyKing,NorthernDancer,FairyBridge,Helice,Slewpy,Hirondelle,アフターザサン,StormBird,NorthernDancer,SouthOcean,Encorelle,ArcticTern,Esdee
2015105034,ストーミーバローズ,boba,2015-03-27,13,3,5,0,5,53170000,0,0,オルフェーヴル,ステイゴールド,サンデーサイレンス,Halo,WishingWell,ゴールデンサッシュ,ディクタス,ダイナサッシュ,オリエンタルアート,メジロマックイーン,メジロティターン,メジロオーロラ,エレクトロアート,ノーザンテースト,グランマスティーヴンス,ムーンライトダンス,Sinndar,GrandLodge,Chief'sCrown,LaPapagena,Sinntara,Lashkari,Sidama,StyleofLife,TheMinstrel,NorthernDancer,Fleur,Bubinka,Nashua,StolenDate
2015105035,サクステッド,boba,2015-03-30,8,1,1,2,4,19100000,1,0,タートルボウル,DyhimDiamond,NightShift,NorthernDancer,Ciboulette,HappyLanding,Homing,LaughingGoddess,ClaraBow,TopVille,HighTop,SegaVille,Kamiya,Kalamoun,Shahinaaz,メガクライト,アグネスタキオン,サンデーサイレンス,Halo,WishingWell,アグネスフローラ,ロイヤルスキー,アグネスレディー,エラティス,ElGranSenor,NorthernDancer,SexAppeal,SummerReview,Graustark,RaiseaBaby
2015105036,プリモシーン,hinba,2015-04-27,11,3,3,1,4,162530000,9,1,ディープインパクト,サンデーサイレンス,Halo,HailtoReason,Cosmah,WishingWell,Understanding,MountainFlower,ウインドインハーヘア,Alzao,Lyphard,LadyRebecca,Burghclere,Busted,Highclere,モシーン,FastnetRock,デインヒル,Danzig,Razyana,PiccadillyCircus,ロイヤルアカデミーII,Gatana,Sumehra,ストラヴィンスキー,Nureyev,FiretheGroom,MissPriority,Kaapstad,Benediction
2015105037,モスローズ,hinba,2015-01-23,31,1,5,5,20,920000,0,0,ルーラーシップ,キングカメハメハ,Kingmambo,Mr.Prospector,Miesque,マンファス,ラストタイクーン,PilotBird,エアグルーヴ,トニービン,カンパラ,SevernBridge,ダイナカール,ノーザンテースト,シャダイフェザー,モスカートローザ,ディープインパクト,サンデーサイレンス,Halo,WishingWell,ウインドインハーヘア,Alzao,Burghclere,ローザロバータ,FireMaker,FireDancer,QuickNative,MayDayNinety,Alydar,MayDayEighty
2015105038,ローズベリル,hinba,2015-01-24,7,1,2,0,4,12850000,0,0,キングカメハメハ,Kingmambo,Mr.Prospector,RaiseaNative,GoldDigger,Miesque,Nureyev,Pasadoble,マンファス,ラストタイクーン,トライマイベスト,MillPrincess,PilotBird,Blakeney,TheDancer,モルガナイト,アグネスデジタル,CraftyProspector,Mr.Prospector,RealCraftyLady,ChanceySquaw,Chief'sCrown,Allicance,タンザナイト,サンデーサイレンス,Halo,WishingWell,キャサリーンパー,Riverman,RegalException
2015105039,グランロジエ,hinba,2015-01-25,5,2,0,0,3,500000,0,0,キングヘイロー,ダンシングブレーヴ,Lyphard,NorthernDancer,Goofed,NavajoPrincess,Drone,Olmec,グッバイヘイロー,Halo,HailtoReason,Cosmah,PoundFoolish,SirIvor,Squander,モンプティクール,クロフネ,フレンチデピュティ,DeputyMinister,Mitterand,ブルーアヴェニュー,ClassicGoGo,ElizaBlue,ゲートドクール,Lomond,NorthernDancer,MyCharmer,GayApparel,UpSpirits,BriefAttire
2015105040,サンラモンバレー,boba,2015-05-02,9,3,0,0,6,36940000,0,0,ロードカナロア,キングカメハメハ,Kingmambo,Mr.Prospector,Miesque,マンファス,ラストタイクーン,PilotBird,レディブラッサム,StormCat,StormBird,Terlingua,サラトガデュー,Cormorant,SuperLuna,モンローブロンド,アドマイヤベガ,サンデーサイレンス,Halo,WishingWell,ベガ,トニービン,アンティックヴァリュー,ソニンク,Machiavellian,Mr.Prospector,CoupdeFolie,SonicLady,Nureyev,Stumped
2015105041,ハウナニ,hinba,2015-01-26,7,2,0,1,4,15400000,0,0,ロードカナロア,キングカメハメハ,Kingmambo,Mr.Prospector,Miesque,マンファス,ラストタイクーン,PilotBird,レディブラッサム,StormCat,StormBird,Terlingua,サラトガデュー,Cormorant,SuperLuna,ユキチャン,クロフネ,フレンチデピュティ,DeputyMinister,Mitterand,ブルーアヴェニュー,ClassicGoGo,ElizaBlue,シラユキヒメ,サンデーサイレンス,Halo,WishingWell,ウェイブウインド,Topsider,StormandSunshine
2015105042,エアミッション,boba,2015-01-31,0,0,0,0,0,0,0,0,ヴィクトワールピサ,ネオユニヴァース,サンデーサイレンス,Halo,WishingWell,ポインテッドパス,Kris,SilkenWay,ホワイトウォーターアフェア,Machiavellian,Mr.Prospector,CoupdeFolie,MuchTooRisky,Bustino,ShortRations,ライクザウインド,デインヒル,Danzig,NorthernDancer,PasdeNom,Razyana,HisMajesty,SpringAdieu,ウインドインハーヘア,Alzao,Lyphard,LadyRebecca,Burghclere,Busted,Highclere
2015105043,サトノレックス,boba,2015-02-08,2,0,0,0,2,500000,0,0,ダイワメジャー,サンデーサイレンス,Halo,HailtoReason,Cosmah,WishingWell,Understanding,MountainFlower,スカーレットブーケ,ノーザンテースト,NorthernDancer,LadyVictoria,スカーレットインク,CrimsonSatan,Consentida,ライジングクロス,CapeCross,GreenDesert,Danzig,ForeignCourier,ParkAppeal,Ahonoora,Balidaress,Woodrising,Nomination,Dominion,RiversMaid,Bodham,Bustino,Cley
2015105044,ワビサビ,hinba,2015-03-19,0,0,0,0,0,0,0,0,シンボリクリスエス,KrisS.,Roberto,HailtoReason,Bramalea,SharpQueen,Princequillo,Bridgework,TeeKay,GoldMeridian,SeattleSlew,QueenLouie,TriArgo,TriJet,HailProudly,ライツェント,スペシャルウィーク,サンデーサイレンス,Halo,WishingWell,キャンペンガール,マルゼンスキー,レディーシラオキ,ソニンク,Machiavellian,Mr.Prospector,CoupdeFolie,SonicLady,Nureyev,Stumped
2015105045,ロクセラーナ,hinba,2015-02-06,6,1,2,1,2,12920000,0,0,キングカメハメハ,Kingmambo,Mr.Prospector,RaiseaNative,GoldDigger,Miesque,Nureyev,Pasadoble,マンファス,ラストタイクーン,トライマイベスト,MillPrincess,PilotBird,Blakeney,TheDancer,ライフフォーセール,NotForSale,ParadeMarshal,Caro,SteppingHigh,LoveforSale,LaramieTrail,Museliere,DoubtFire,SkiChamp,Icecapade,SkiGoggle,MyLittleLife,Ghadeer,Dimane
2015105046,ラッキーライラック,hinba,2015-04-03,10,4,2,1,3,277750000,9,1,オルフェーヴル,ステイゴールド,サンデーサイレンス,Halo,WishingWell,ゴールデンサッシュ,ディクタス,ダイナサッシュ,オリエンタルアート,メジロマックイーン,メジロティターン,メジロオーロラ,エレクトロアート,ノーザンテースト,グランマスティーヴンス,ライラックスアンドレース,FlowerAlley,DistortedHumor,フォーティナイナー,Danzig'sBeauty,プリンセスオリビア,Lycius,DanceImage,Refinement,SeattleSlew,BoldReasoning,MyCharmer,ステラマドリッド,Alydar,MyJuliet
2015105047,マーナガルム,boba,2015-02-11,25,2,7,2,14,7000000,0,0,キングカメハメハ,Kingmambo,Mr.Prospector,RaiseaNative,GoldDigger,Miesque,Nureyev,Pasadoble,マンファス,ラストタイクーン,トライマイベスト,MillPrincess,PilotBird,Blakeney,TheDancer,ライラプス,フレンチデピュティ,DeputyMinister,ViceRegent,MintCopy,Mitterand,HoldYourPeace,LaredoLass,フサイチエアデール,サンデーサイレンス,Halo,WishingWell,ラスティックベル,Mr.Prospector,RagtimeGirl
2015105048,ジンゴイスト,boba,2015-02-28,10,2,2,1,5,5950000,0,0,ハーツクライ,サンデーサイレンス,Halo,HailtoReason,Cosmah,WishingWell,Understanding,MountainFlower,アイリッシュダンス,トニービン,カンパラ,SevernBridge,ビューパーダンス,Lyphard,MyBupers,ラヴズオンリーミー,StormCat,StormBird,NorthernDancer,SouthOcean,Terlingua,Secretariat,CrimsonSaint,Monevassia,Mr.Prospector,RaiseaNative,GoldDigger,Miesque,Nureyev,Pasadoble
2015105049,メジャーシャルマン,hinba,2015-01-17,8,0,0,0,8,1000000,0,0,ダイワメジャー,サンデーサイレンス,Halo,HailtoReason,Cosmah,WishingWell,Understanding,MountainFlower,スカーレットブーケ,ノーザンテースト,NorthernDancer,LadyVictoria,スカーレットインク,CrimsonSatan,Consentida,ラシャルマンテ,IndygoShiner,A.P.Indy,SeattleSlew,WeekendSurprise,Navarra,ElGranSenor,ImageofReality,LaMagie,Luhuk,フォーティナイナー,RoyalStance,LaEndemoniada,SenorPete,LaEndiablada
2015105050,リシュブール,boba,2015-02-25,13,2,3,1,7,20640000,1,0,キングカメハメハ,Kingmambo,Mr.Prospector,RaiseaNative,GoldDigger,Miesque,Nureyev,Pasadoble,マンファス,ラストタイクーン,トライマイベスト,MillPrincess,PilotBird,Blakeney,TheDancer,ラストグルーヴ,ディープインパクト,サンデーサイレンス,Halo,WishingWell,ウインドインハーヘア,Alzao,Burghclere,エアグルーヴ,トニービン,カンパラ,SevernBridge,ダイナカール,ノーザンテースト,シャダイフェザー
2015105051,ヴルタヴァ,hinba,2015-04-10,0,0,0,0,0,0,0,0,ロードカナロア,キングカメハメハ,Kingmambo,Mr.Prospector,Miesque,マンファス,ラストタイクーン,PilotBird,レディブラッサム,StormCat,StormBird,Terlingua,サラトガデュー,Cormorant,SuperLuna,ラタフィア,Cozzene,Caro,フォルティノ,Chambord,RidetheTrails,PrinceJohn,Wildwook,SakuraFabulous,FabulousDancer,NorthernDancer,LastoftheLine,ローラローラ,SaintCyrien,BoldLady
2015105052,ボナヴィーゴ,boba,2015-01-31,12,1,2,2,7,16430000,0,0,ディープインパクト,サンデーサイレンス,Halo,HailtoReason,Cosmah,WishingWell,Understanding,MountainFlower,ウインドインハーヘア,Alzao,Lyphard,LadyRebecca,Burghclere,Busted,Highclere,ラッシュラッシーズ,Galileo,Sadler'sWells,NorthernDancer,FairyBridge,アーバンシー,Miswaki,Allegretta,DanceForFun,Anabaa,Danzig,Balbonella,Hilaris,アラジ,CarnivalSpirit
2015105053,リベラメンテ,hinba,2015-04-03,4,0,0,0,4,0,0,0,ダノンシャンティ,フジキセキ,サンデーサイレンス,Halo,WishingWell,ミルレーサー,LeFabuleux,Marston'sMill,シャンソネット,MarkofEsteem,Darshaan,Homage,GloriousSong,Halo,Ballade,ラッドルチェンド,DanehillDancer,デインヒル,Danzig,Razyana,MiraAdonde,SharpenUp,Lettred'Amour,ラヴズオンリーミー,StormCat,StormBird,Terlingua,Monevassia,Mr.Prospector,Miesque
2015105054,レイヤーハート,hinba,2015-01-23,28,1,1,2,24,570000,0,0,ダイワメジャー,サンデーサイレンス,Halo,HailtoReason,Cosmah,WishingWell,Understanding,MountainFlower,スカーレットブーケ,ノーザンテースト,NorthernDancer,LadyVictoria,スカーレットインク,CrimsonSatan,Consentida,ラテアート,サクラバクシンオー,サクラユタカオー,テスコボーイ,アンジェリカ,サクラハゴロモ,ノーザンテースト,クリアアンバー,ラテルネ,トニービン,カンパラ,SevernBridge,ヨシオカザン,エルギャロー,ミートミーレイター
2015105055,ロケットクイーン,hinba,2015-04-18,22,0,4,0,18,4300000,0,0,ノヴェリスト,Monsun,Konigsstuhl,DschingisKhan,Konigskronung,Mosella,Surumu,Monasia,NightLagoon,Lagunas,イルドブルボン,Liranga,Nenuphar,NightShift,Narola,ラテンファンク,アグネスタキオン,サンデーサイレンス,Halo,WishingWell,アグネスフローラ,ロイヤルスキー,アグネスレディー,ドゥーワップ,ジェイドロバリー,Mr.Prospector,Number,ハウヤドウーン,Matsadoon,Indialucie
2015105056,ディロス,boba,2015-02-21,8,2,1,2,3,28310000,0,0,ステイゴールド,サンデーサイレンス,Halo,HailtoReason,Cosmah,WishingWell,Understanding,MountainFlower,ゴールデンサッシュ,ディクタス,Sanctus,Doronic,ダイナサッシュ,ノーザンテースト,ロイヤルサッシュ,ラトーナ,Dansili,デインヒル,Danzig,Razyana,Hasili,Kahyasi,Kerali,レトII,Diesis,SharpenUp,DoublySure,ランジェリー,ShirleyHeights,NorthernTrick
2015105057,レイエンダ,boba,2015-01-30,9,4,1,0,4,96260000,5,1,キングカメハメハ,Kingmambo,Mr.Prospector,RaiseaNative,GoldDigger,Miesque,Nureyev,Pasadoble,マンファス,ラストタイクーン,トライマイベスト,MillPrincess,PilotBird,Blakeney,TheDancer,ラドラーダ,シンボリクリスエス,KrisS.,Roberto,SharpQueen,TeeKay,GoldMeridian,TriArgo,レディブロンド,SeekingtheGold,Mr.Prospector,ConGame,ウインドインハーヘア,Alzao,Burghclere
2015105058,ランスマン,boba,2015-01-27,11,1,1,0,9,12050000,0,0,ダイワメジャー,サンデーサイレンス,Halo,HailtoReason,Cosmah,WishingWell,Understanding,MountainFlower,スカーレットブーケ,ノーザンテースト,NorthernDancer,LadyVictoria,スカーレットインク,CrimsonSatan,Consentida,ラフアップ,クロフネ,フレンチデピュティ,DeputyMinister,Mitterand,ブルーアヴェニュー,ClassicGoGo,ElizaBlue,フレンドレイ,デインヒル,Danzig,Razyana,マーチンミユキ,マルゼンスキー,ミユキカマダ
2015105059,ラフィエスタの2015,boba,2015-01-16,0,0,0,0,0,0,0,0,ノヴェリスト,Monsun,Konigsstuhl,DschingisKhan,Konigskronung,Mosella,Surumu,Monasia,NightLagoon,Lagunas,イルドブルボン,Liranga,Nenuphar,NightShift,Narola,ラフィエスタ,スペシャルウィーク,サンデーサイレンス,Halo,WishingWell,キャンペンガール,マルゼンスキー,レディーシラオキ,ライクザウインド,デインヒル,Danzig,Razyana,ウインドインハーヘア,Alzao,Burghclere
2015105060,ビップヴァリアント,boba,2015-02-28,15,2,2,1,10,500000,0,0,ハードスパン,Danzig,NorthernDancer,Nearctic,Natalma,PasdeNom,Admiral'sVoyage,Petitioner,TurkishTryst,Turkoman,Alydar,Taba,Darbyvail,Roberto,Luiana,ラフィカ,サンデーサイレンス,Halo,HailtoReason,Cosmah,WishingWell,Understanding,MountainFlower,オーピーキャット,StormCat,StormBird,Terlingua,PrincessS.,AssagaiJr.,PrincessThelma
2015105061,ミーティアトレイル,boba,2015-02-21,16,1,0,0,15,9400000,0,0,ネオユニヴァース,サンデーサイレンス,Halo,HailtoReason,Cosmah,WishingWell,Understanding,MountainFlower,ポインテッドパス,Kris,SharpenUp,DoublySure,SilkenWay,Shantung,Boulevard,ラフィントレイル,エルコンドルパサー,Kingmambo,Mr.Prospector,Miesque,サドラーズギャル,Sadler'sWells,Glenveagh,ファビラスラフイン,FabulousDancer,NorthernDancer,LastoftheLine,Mercalle,Kaldoun,EoledesMers
2015105062,ラベンダーパープル,boba,2015-03-14,29,4,4,0,21,500000,0,0,ゴールドアリュール,サンデーサイレンス,Halo,HailtoReason,Cosmah,WishingWell,Understanding,MountainFlower,ニキーヤ,Nureyev,NorthernDancer,Special,ReluctantGuest,Hostage,VaguelyRoyal,ラベンダーカラー,サクラバクシンオー,サクラユタカオー,テスコボーイ,アンジェリカ,サクラハゴロモ,ノーザンテースト,クリアアンバー,セシルブルース,エルコンドルパサー,Kingmambo,サドラーズギャル,セシルカット,サンデーサイレンス,ダイナカール
2015105063,サトノプレスト,boba,2015-01-25,21,0,1,3,17,3300000,0,0,キングカメハメハ,Kingmambo,Mr.Prospector,RaiseaNative,GoldDigger,Miesque,Nureyev,Pasadoble,マンファス,ラストタイクーン,トライマイベスト,MillPrincess,PilotBird,Blakeney,TheDancer,ラリズ,Bernstein,StormCat,StormBird,Terlingua,LaAffirmed,Affirmed,LaMesa,LaMarlene,RainbowCorner,RainbowQuest,Kingscote,LaCardinale,サザンヘイロー,LaBozan
2015105064,ステルヴィオ,boba,2015-01-15,12,4,3,1,4,293840000,10,1,ロードカナロア,キングカメハメハ,Kingmambo,Mr.Prospector,Miesque,マンファス,ラストタイクーン,PilotBird,レディブラッサム,StormCat,StormBird,Terlingua,サラトガデュー,Cormorant,SuperLuna,ラルケット,ファルブラヴ,FairyKing,NorthernDancer,FairyBridge,GiftoftheNight,Slewpy,LittleNana,アズサユミ,サンデーサイレンス,Halo,WishingWell,ファーストクラス,トウショウボーイ,スイートコンコルド
2015105065,ギルトエッジ,boba,2015-01-22,3,1,1,1,0,8800000,0,0,ノヴェリスト,Monsun,Konigsstuhl,DschingisKhan,Konigskronung,Mosella,Surumu,Monasia,NightLagoon,Lagunas,イルドブルボン,Liranga,Nenuphar,NightShift,Narola,ランズエッジ,ダンスインザダーク,サンデーサイレンス,Halo,WishingWell,ダンシングキイ,Nijinsky,KeyPartner,ウインドインハーヘア,Alzao,Lyphard,LadyRebecca,Burghclere,Busted,Highclere
2015105066,レピアーウィット,boba,2015-04-15,10,4,2,0,4,51650000,0,0,ヘニーヒューズ,ヘネシー,StormCat,StormBird,Terlingua,IslandKitty,Hawaii,T.C.Kitten,MeadowFlyer,Meadowlake,HoldYourPeace,SuspiciousNative,Shortley,Hagley,ShortWinded,ランニングボブキャッツ,RunningStag,Cozzene,Caro,RidetheTrails,Fruhlingstag,Orsini,Revada,Backatem,Notebook,WellDecorated,Mobcap,Deputy'sMistress,DeputyMinister,RiverCrossing
2015105067,リアリサトリスの2015,hinba,2015-02-05,0,0,0,0,0,0,0,0,ハーツクライ,サンデーサイレンス,Halo,HailtoReason,Cosmah,WishingWell,Understanding,MountainFlower,アイリッシュダンス,トニービン,カンパラ,SevernBridge,ビューパーダンス,Lyphard,MyBupers,リアリサトリス,Numerous,Mr.Prospector,RaiseaNative,GoldDigger,Number,Nijinsky,Special,Riziere,グルームダンサー,BlushingGroom,Featherhill,RiveDuSud,Nureyev,RiviereDoree
2015105068,レインボーナンバー,boba,2015-05-15,16,1,0,3,12,12950000,0,0,ディープブリランテ,ディープインパクト,サンデーサイレンス,Halo,WishingWell,ウインドインハーヘア,Alzao,Burghclere,ラヴアンドバブルズ,LoupSauvage,Riverman,Louveterie,バブルドリーム,Akarad,バブルプロスペクター,リアルナンバー,RainbowCorner,RainbowQuest,BlushingGroom,IWillFollow,Kingscote,KingsLake,BoldFantasy,Numeraria,サザンヘイロー,Halo,NorthernSea,Numismatica,SaltMarsh,Nut
2015105069,リンフォルツァンド,hinba,2015-02-22,7,1,1,0,5,7000000,0,0,ディープインパクト,サンデーサイレンス,Halo,HailtoReason,Cosmah,WishingWell,Understanding,MountainFlower,ウインドインハーヘア,Alzao,Lyphard,LadyRebecca,Burghclere,Busted,Highclere,リッスン,Sadler'sWells,NorthernDancer,Nearctic,Natalma,FairyBridge,BoldReason,Special,Brigid,IrishRiver,Riverman,IrishStar,LuvLuvin',RaiseaNative,RingingBells
2015105070,フラットレー,boba,2015-04-08,10,1,1,1,7,13600000,1,0,ハーツクライ,サンデーサイレンス,Halo,HailtoReason,Cosmah,WishingWell,Understanding,MountainFlower,アイリッシュダンス,トニービン,カンパラ,SevernBridge,ビューパーダンス,Lyphard,MyBupers,リッチダンサー,Halling,Diesis,SharpenUp,DoublySure,DanceMachine,GreenDancer,NeveraLady,FairyFlight,FairyKing,NorthernDancer,FairyBridge,RisingTide,レッドアラート,NaiadQueen
2015105071,タイセイビビッド,hinba,2015-02-08,1,0,0,0,1,0,0,0,ヴィクトワールピサ,ネオユニヴァース,サンデーサイレンス,Halo,WishingWell,ポインテッドパス,Kris,SilkenWay,ホワイトウォーターアフェア,Machiavellian,Mr.Prospector,CoupdeFolie,MuchTooRisky,Bustino,ShortRations,リップスポイズン,Mamool,IntheWings,Sadler'sWells,ハイホーク,Genovefa,Woodman,ReigningCountess,LipsPlane,Ashkalani,ソヴィエトスター,Ashtarka,RoyalHouse,ロイヤルアカデミーII,ReineCaroline
2015105072,マグナレガーロ,boba,2015-05-11,3,2,0,1,0,15400000,0,0,キングカメハメハ,Kingmambo,Mr.Prospector,RaiseaNative,GoldDigger,Miesque,Nureyev,Pasadoble,マンファス,ラストタイクーン,トライマイベスト,MillPrincess,PilotBird,Blakeney,TheDancer,リビアーモ,アドマイヤベガ,サンデーサイレンス,Halo,WishingWell,ベガ,トニービン,アンティックヴァリュー,ラトラヴィアータ,サクラユタカオー,テスコボーイ,アンジェリカ,サクラハゴロモ,ノーザンテースト,クリアアンバー
2015105073,テトラドラクマ,hinba,2015-02-16,10,2,1,0,7,45080000,4,1,ルーラーシップ,キングカメハメハ,Kingmambo,Mr.Prospector,Miesque,マンファス,ラストタイクーン,PilotBird,エアグルーヴ,トニービン,カンパラ,SevernBridge,ダイナカール,ノーザンテースト,シャダイフェザー,リビングプルーフ,ファルブラヴ,FairyKing,NorthernDancer,FairyBridge,GiftoftheNight,Slewpy,LittleNana,プルーフオブラヴ,サンデーサイレンス,Halo,WishingWell,ページプルーフ,SeattleSlew,バーブスボールド
2015105074,アドマイヤツルギ,boba,2015-02-17,20,4,0,1,15,500000,0,0,オルフェーヴル,ステイゴールド,サンデーサイレンス,Halo,WishingWell,ゴールデンサッシュ,ディクタス,ダイナサッシュ,オリエンタルアート,メジロマックイーン,メジロティターン,メジロオーロラ,エレクトロアート,ノーザンテースト,グランマスティーヴンス,リュシオル,クロフネ,フレンチデピュティ,DeputyMinister,Mitterand,ブルーアヴェニュー,ClassicGoGo,ElizaBlue,ホワットケイティーディド,Nureyev,NorthernDancer,Special,Katies,ノノアルコ,Mortefontaine
2015105075,フィエールマン,boba,2015-01-20,7,4,2,1,0,375030000,5,1,ディープインパクト,サンデーサイレンス,Halo,HailtoReason,Cosmah,WishingWell,Understanding,MountainFlower,ウインドインハーヘア,Alzao,Lyphard,LadyRebecca,Burghclere,Busted,Highclere,リュヌドール,GreenTune,GreenDancer,Nijinsky,GreenValley,Soundings,Mr.Prospector,Ocean'sAnswer,Luthd'Or,NoirEtOr,ラインゴールド,PommeRose,Violed'Amour,Luthier,Mandolinette
2015105076,バレリオ,boba,2015-01-18,5,3,0,0,2,35950000,0,0,ステイゴールド,サンデーサイレンス,Halo,HailtoReason,Cosmah,WishingWell,Understanding,MountainFlower,ゴールデンサッシュ,ディクタス,Sanctus,Doronic,ダイナサッシュ,ノーザンテースト,ロイヤルサッシュ,リリウム,クロフネ,フレンチデピュティ,DeputyMinister,Mitterand,ブルーアヴェニュー,ClassicGoGo,ElizaBlue,ベゴニア,PluggedNickle,KeytotheMint,TollBooth,Dahlia,VaguelyNoble,CharmingAlibi
2015105077,サトノコメット,hinba,2015-01-28,13,2,2,0,9,3750000,0,0,ダイワメジャー,サンデーサイレンス,Halo,HailtoReason,Cosmah,WishingWell,Understanding,MountainFlower,スカーレットブーケ,ノーザンテースト,NorthernDancer,LadyVictoria,スカーレットインク,CrimsonSatan,Consentida,リリサイド,AmericanPost,Bering,ArcticTern,Beaune,WellsFargo,Sadler'sWells,CruisingHeight,Miller'sLily,ミラーズメイト,MillReef,Primatie,Lymara,Lyphard,Maradadi
2015105078,フォーチュンリング,hinba,2015-02-28,11,3,2,2,4,5800000,0,0,ディープブリランテ,ディープインパクト,サンデーサイレンス,Halo,WishingWell,ウインドインハーヘア,Alzao,Burghclere,ラヴアンドバブルズ,LoupSauvage,Riverman,Louveterie,バブルドリーム,Akarad,バブルプロスペクター,リングレット,トニービン,カンパラ,Kalamoun,StatePension,SevernBridge,Hornbeam,PriddyFair,ダイナカール,ノーザンテースト,NorthernDancer,LadyVictoria,シャダイフェザー,ガーサント,パロクサイド
2015105079,コヨーテビュート,hinba,2015-02-07,23,0,2,1,20,190000,0,0,モンテロッソ,Dubawi,DubaiMillennium,SeekingtheGold,ColoradoDancer,Zomaradah,Deploy,Jawaher,PortoRoca,Barathea,Sadler'sWells,Brocade,Antelliere,Salieri,Anntelle,リントス,ウォーエンブレム,OurEmblem,Mr.Prospector,PersonalEnsign,SweetestLady,LordatWar,SweetestRoman,コニャックレディ,Olympio,Naskra,CarolsChristmas,Carmanetta,Roberto,TrueNative
2015105080,ユナニマス,hinba,2015-02-17,0,0,0,0,0,0,0,0,キングカメハメハ,Kingmambo,Mr.Prospector,RaiseaNative,GoldDigger,Miesque,Nureyev,Pasadoble,マンファス,ラストタイクーン,トライマイベスト,MillPrincess,PilotBird,Blakeney,TheDancer,リーチコンセンサス,フレンチデピュティ,DeputyMinister,ViceRegent,MintCopy,Mitterand,HoldYourPeace,LaredoLass,インディスユニゾン,サンデーサイレンス,Halo,WishingWell,ラスティックベル,Mr.Prospector,RagtimeGirl
2015105081,ラソワドール,hinba,2015-05-07,5,1,1,2,1,12640000,0,0,ゴールドアリュール,サンデーサイレンス,Halo,HailtoReason,Cosmah,WishingWell,Understanding,MountainFlower,ニキーヤ,Nureyev,NorthernDancer,Special,ReluctantGuest,Hostage,VaguelyRoyal,ルシルク,Dynaformer,Roberto,HailtoReason,Bramalea,AndoverWay,HisMajesty,OntheTrail,キュー,フレンチデピュティ,DeputyMinister,Mitterand,PJFloral,Baldski,PeroxidePrincess
2015105082,ムスコローソ,boba,2015-01-29,15,2,0,1,12,26640000,3,0,ヘニーヒューズ,ヘネシー,StormCat,StormBird,Terlingua,IslandKitty,Hawaii,T.C.Kitten,MeadowFlyer,Meadowlake,HoldYourPeace,SuspiciousNative,Shortley,Hagley,ShortWinded,ルナレガーロ,アドマイヤムーン,エンドスウィープ,フォーティナイナー,BroomDance,マイケイティーズ,サンデーサイレンス,ケイティーズファースト,カーリーエンジェル,ジャッジアンジェルーチ,HonestPleasure,VictorianQueen,ダイナカール,ノーザンテースト,シャダイフェザー
2015105083,ブライトパス,hinba,2015-04-12,14,2,1,4,7,9800000,0,0,ロードカナロア,キングカメハメハ,Kingmambo,Mr.Prospector,Miesque,マンファス,ラストタイクーン,PilotBird,レディブラッサム,StormCat,StormBird,Terlingua,サラトガデュー,Cormorant,SuperLuna,ルミナスポイント,アグネスタキオン,サンデーサイレンス,Halo,WishingWell,アグネスフローラ,ロイヤルスキー,アグネスレディー,ソニンク,Machiavellian,Mr.Prospector,CoupdeFolie,SonicLady,Nureyev,Stumped
2015105084,スターフィールド,boba,2015-03-04,13,1,0,1,11,11120000,0,0,シンボリクリスエス,KrisS.,Roberto,HailtoReason,Bramalea,SharpQueen,Princequillo,Bridgework,TeeKay,GoldMeridian,SeattleSlew,QueenLouie,TriArgo,TriJet,HailProudly,ルージュクール,Redoute'sChoice,デインヒル,Danzig,Razyana,Shantha'sChoice,CannyLad,DancingShow,SundayValentine,サンデーサイレンス,Halo,WishingWell,ローレルアベニュー,AvenueofFlags,Laura'sBouquet
2015105085,レアクラシックの2015,hinba,2015-02-19,0,0,0,0,0,0,0,0,ノヴェリスト,Monsun,Konigsstuhl,DschingisKhan,Konigskronung,Mosella,Surumu,Monasia,NightLagoon,Lagunas,イルドブルボン,Liranga,Nenuphar,NightShift,Narola,レアクラシック,スペシャルウィーク,サンデーサイレンス,Halo,WishingWell,キャンペンガール,マルゼンスキー,レディーシラオキ,クラシッククラウン,Mr.Prospector,RaiseaNative,GoldDigger,SixCrowns,Secretariat,ChrisEvert
2015105086,レイナデルビエント,hinba,2015-05-05,10,4,2,0,4,7500000,0,0,シンボリクリスエス,KrisS.,Roberto,HailtoReason,Bramalea,SharpQueen,Princequillo,Bridgework,TeeKay,GoldMeridian,SeattleSlew,QueenLouie,TriArgo,TriJet,HailProudly,レイナカスターニャ,キングカメハメハ,Kingmambo,Mr.Prospector,Miesque,マンファス,ラストタイクーン,PilotBird,ナスカ,サンデーサイレンス,Halo,WishingWell,アンデスレディー,ノーザンテースト,ペルースポート
2015105087,レイエスプランドル,boba,2015-04-05,13,2,2,2,7,28990000,2,0,ハービンジャー,Dansili,デインヒル,Danzig,Razyana,Hasili,Kahyasi,Kerali,PenangPearl,Bering,ArcticTern,Beaune,Guapa,ShareefDancer,Sauceboat,レイナソフィア,スペシャルウィーク,サンデーサイレンス,Halo,WishingWell,キャンペンガール,マルゼンスキー,レディーシラオキ,ゲルニカ,Luhuk,フォーティナイナー,RoyalStance,Gouache,サザンヘイロー,Aquarelle
2015105088,ヴォウジラール,boba,2015-05-05,6,2,0,1,3,18150000,0,0,ハーツクライ,サンデーサイレンス,Halo,HailtoReason,Cosmah,WishingWell,Understanding,MountainFlower,アイリッシュダンス,トニービン,カンパラ,SevernBridge,ビューパーダンス,Lyphard,MyBupers,レジェンドトレイル,フレンチデピュティ,DeputyMinister,ViceRegent,MintCopy,Mitterand,HoldYourPeace,LaredoLass,ハッピートレイルズ,ポツセ,Forli,InHotPursuit,ロイコン,HighTop,Madelon
2015105089,ハーベストムーン,boba,2015-02-04,13,3,1,1,8,35370000,4,0,マンハッタンカフェ,サンデーサイレンス,Halo,HailtoReason,Cosmah,WishingWell,Understanding,MountainFlower,サトルチェンジ,LawSociety,Alleged,BoldBikini,SantaLuciana,Luciano,Suleika,レツィーナ,キャプテンスティーヴ,FlySoFree,TimeforaChange,FreetoFly,SparklingDelite,ViceRegent,SparklingTopaz,タニウインドタイム,ブライアンズタイム,Roberto,Kelley'sDay,ウインドシアー,Fappiano,EllieMilove
2015105090,レッドレオン,boba,2015-01-30,6,3,0,1,2,39890000,1,0,ディープインパクト,サンデーサイレンス,Halo,HailtoReason,Cosmah,WishingWell,Understanding,MountainFlower,ウインドインハーヘア,Alzao,Lyphard,LadyRebecca,Burghclere,Busted,Highclere,レッドエルザ,SmartStrike,Mr.Prospector,RaiseaNative,GoldDigger,Classy'nSmart,Smarten,NoClass,Belva,Theatrical,Nureyev,ツリーオブノレッジ,Committed,Hagley,Minstinguette
2015105091,レッドベルローズ,hinba,2015-02-28,12,2,1,4,5,45500000,4,0,ディープインパクト,サンデーサイレンス,Halo,HailtoReason,Cosmah,WishingWell,Understanding,MountainFlower,ウインドインハーヘア,Alzao,Lyphard,LadyRebecca,Burghclere,Busted,Highclere,レッドファンタジア,Unbridled'sSong,Unbridled,Fappiano,GanaFacil,TrolleySong,Caro,LuckySpell,CatChat,StormCat,StormBird,Terlingua,PhoneChatter,PhoneTrick,PassingMyWay
2015105092,オープンマインド,hinba,2015-03-29,1,0,0,0,1,0,0,0,ロードカナロア,キングカメハメハ,Kingmambo,Mr.Prospector,Miesque,マンファス,ラストタイクーン,PilotBird,レディブラッサム,StormCat,StormBird,Terlingua,サラトガデュー,Cormorant,SuperLuna,レッドベルフィーユ,アグネスタキオン,サンデーサイレンス,Halo,WishingWell,アグネスフローラ,ロイヤルスキー,アグネスレディー,マンダララ,Lahib,Riverman,LadyCutlass,Madiriya,Diesis,Majanada
2015105093,レッドランディーニ,hinba,2015-03-25,14,3,2,3,6,63170000,3,0,ディープインパクト,サンデーサイレンス,Halo,HailtoReason,Cosmah,WishingWell,Understanding,MountainFlower,ウインドインハーヘア,Alzao,Lyphard,LadyRebecca,Burghclere,Busted,Highclere,レッドメデューサ,Mr.Greeley,GoneWest,Mr.Prospector,Secrettame,LongLegend,Reviewer,Lianga,Catchascatchcan,PursuitofLove,グルームダンサー,DanceQuest,Catawba,MillReef,Catalpa
2015105094,ドロテーア,hinba,2015-01-14,28,1,4,4,19,1950000,0,0,ノヴェリスト,Monsun,Konigsstuhl,DschingisKhan,Konigskronung,Mosella,Surumu,Monasia,NightLagoon,Lagunas,イルドブルボン,Liranga,Nenuphar,NightShift,Narola,レティセントガール,フォーティナイナー,Mr.Prospector,RaiseaNative,GoldDigger,File,TomRolfe,Continue,ビーサイレント,サンデーサイレンス,Halo,WishingWell,グローバルダイナ,ノーザンテースト,グローブターフ
2015105095,レディスキッパーの2015,hinba,2015-01-19,0,0,0,0,0,0,0,0,ハーツクライ,サンデーサイレンス,Halo,HailtoReason,Cosmah,WishingWell,Understanding,MountainFlower,アイリッシュダンス,トニービン,カンパラ,SevernBridge,ビューパーダンス,Lyphard,MyBupers,レディスキッパー,クロフネ,フレンチデピュティ,DeputyMinister,Mitterand,ブルーアヴェニュー,ClassicGoGo,ElizaBlue,ライクザウインド,デインヒル,Danzig,Razyana,ウインドインハーヘア,Alzao,Burghclere
2015105096,ミッキードーヴィル,boba,2015-03-13,9,0,0,2,7,4350000,0,0,オルフェーヴル,ステイゴールド,サンデーサイレンス,Halo,WishingWell,ゴールデンサッシュ,ディクタス,ダイナサッシュ,オリエンタルアート,メジロマックイーン,メジロティターン,メジロオーロラ,エレクトロアート,ノーザンテースト,グランマスティーヴンス,レディドーヴィル,ファスリエフ,Nureyev,NorthernDancer,Special,Mr.P'sPrincess,Mr.Prospector,AnneCampbell,Mercalle,Kaldoun,Caro,Katana,EoledesMers,Carvin,DeessedesMers
2015105097,イザナミ,hinba,2015-01-24,30,0,1,2,27,360000,0,0,ステイゴールド,サンデーサイレンス,Halo,HailtoReason,Cosmah,WishingWell,Understanding,MountainFlower,ゴールデンサッシュ,ディクタス,Sanctus,Doronic,ダイナサッシュ,ノーザンテースト,ロイヤルサッシュ,レトII,Diesis,SharpenUp,エタン,Rocchetta,DoublySure,Reliance,SoftAngels,ランジェリー,ShirleyHeights,MillReef,Hardiemma,NorthernTrick,NorthernDancer,TrickChick
2015105098,レーヴドリーブ,hinba,2015-01-31,9,2,3,0,4,23900000,0,0,オルフェーヴル,ステイゴールド,サンデーサイレンス,Halo,WishingWell,ゴールデンサッシュ,ディクタス,ダイナサッシュ,オリエンタルアート,メジロマックイーン,メジロティターン,メジロオーロラ,エレクトロアート,ノーザンテースト,グランマスティーヴンス,レーヴドスカー,HighestHonor,Kenmare,Kalamoun,BelleofIreland,HighRiver,Riverman,Hairbrush,Numidie,バイアモン,BlushingGroom,Lodeve,Yamuna,GreenDancer,Yeovil
2015105099,コンキスタドール,boba,2015-04-17,5,0,0,0,5,2100000,0,0,ルーラーシップ,キングカメハメハ,Kingmambo,Mr.Prospector,Miesque,マンファス,ラストタイクーン,PilotBird,エアグルーヴ,トニービン,カンパラ,SevernBridge,ダイナカール,ノーザンテースト,シャダイフェザー,レーゲンボーゲン,フレンチデピュティ,DeputyMinister,ViceRegent,MintCopy,Mitterand,HoldYourPeace,LaredoLass,レインボーファスト,レインボーアンバー,アンバーシャダイ,イーデンブルース,レインボーローズ,ファーストファミリー,プティットアミ
2015105100,エンジェルウィング,hinba,2015-04-19,7,1,1,0,5,8600000,0,0,ヘニーヒューズ,ヘネシー,StormCat,StormBird,Terlingua,IslandKitty,Hawaii,T.C.Kitten,MeadowFlyer,Meadowlake,HoldYourPeace,SuspiciousNative,Shortley,Hagley,ShortWinded,レースウィング,バブルガムフェロー,サンデーサイレンス,Halo,WishingWell,バブルカンパニー,Lyphard,Prodice,レース,Gulch,Mr.Prospector,Jameela,キーフライヤー,Nijinsky,KeyPartner
2015105101,フリーガーアス,boba,2015-03-29,5,0,0,0,5,500000,0,0,ヨハネスブルグ,ヘネシー,StormCat,StormBird,Terlingua,IslandKitty,Hawaii,T.C.Kitten,Myth,オジジアン,Damascus,Gonfalon,Yarn,Mr.Prospector,Narrate,レースパイロット,サンデーサイレンス,Halo,HailtoReason,Cosmah,WishingWell,Understanding,MountainFlower,マンファス,ラストタイクーン,トライマイベスト,MillPrincess,PilotBird,Blakeney,TheDancer
2015105102,ロジフェローズの2015,boba,2015-01-31,0,0,0,0,0,0,0,0,ロジユニヴァース,ネオユニヴァース,サンデーサイレンス,Halo,WishingWell,ポインテッドパス,Kris,SilkenWay,アコースティクス,CapeCross,GreenDesert,ParkAppeal,ソニンク,Machiavellian,SonicLady,ロジフェローズ,タニノギムレット,ブライアンズタイム,Roberto,Kelley'sDay,タニノクリスタル,クリスタルパレス,タニノシーバード,スイートフェローズ,シンボリルドルフ,パーソロン,スイートルナ,スィートシエロ,ConquistadorCielo,ChangeWater
2015105103,アクアリブラ,hinba,2015-02-24,14,1,0,0,13,360000,0,0,ロードカナロア,キングカメハメハ,Kingmambo,Mr.Prospector,Miesque,マンファス,ラストタイクーン,PilotBird,レディブラッサム,StormCat,StormBird,Terlingua,サラトガデュー,Cormorant,SuperLuna,ロゼシャンパーニュ,ゼンノロブロイ,サンデーサイレンス,Halo,WishingWell,ローミンレイチェル,マイニング,OneSmartLady,アーティストチョイス,Giant'sCauseway,StormCat,Mariah'sStorm,Astorg,LearFan,ActionFrancaise
2015105104,ギャラルホルン,boba,2015-03-13,4,2,0,1,1,15050000,0,0,スマートファルコン,ゴールドアリュール,サンデーサイレンス,Halo,WishingWell,ニキーヤ,Nureyev,ReluctantGuest,ケイシュウハーブ,ミシシッピアン,VaguelyNoble,Gazala,キョウエイシラユキ,クラウンドプリンス,アリアーン,ロッシェノワール,ブラックホーク,Nureyev,NorthernDancer,Special,シルバーレーン,SilverHawk,StraitLane,メイプルシロップ,ヘクタープロテクター,Woodman,Korveya,ドリームビジョン,ノーザンテースト,ハニードリーマー
2015105105,フランツ,boba,2015-02-05,8,4,1,0,3,63100000,2,0,ディープインパクト,サンデーサイレンス,Halo,HailtoReason,Cosmah,WishingWell,Understanding,MountainFlower,ウインドインハーヘア,Alzao,Lyphard,LadyRebecca,Burghclere,Busted,Highclere,ロベルタ,ブライアンズタイム,Roberto,HailtoReason,Bramalea,Kelley'sDay,Graustark,GoldenTrail,グレースアドマイヤ,トニービン,カンパラ,SevernBridge,バレークイーン,Sadler'sWells,SunPrincess
2015105106,ミュージアムヒル,hinba,2015-03-15,14,3,5,1,5,63170000,0,0,ハーツクライ,サンデーサイレンス,Halo,HailtoReason,Cosmah,WishingWell,Understanding,MountainFlower,アイリッシュダンス,トニービン,カンパラ,SevernBridge,ビューパーダンス,Lyphard,MyBupers,ロレットチャペル,フレンチデピュティ,DeputyMinister,ViceRegent,MintCopy,Mitterand,HoldYourPeace,LaredoLass,サンタフェトレイル,ノーザンテースト,NorthernDancer,LadyVictoria,ハッピートレイルズ,ポツセ,ロイコン
2015105107,ベティバローズ,hinba,2015-03-10,19,1,0,3,15,3150000,0,0,クロフネ,フレンチデピュティ,DeputyMinister,ViceRegent,MintCopy,Mitterand,HoldYourPeace,LaredoLass,ブルーアヴェニュー,ClassicGoGo,PagoPago,ClassicPerfection,ElizaBlue,Icecapade,コレラ,ローカス,トニービン,カンパラ,Kalamoun,StatePension,SevernBridge,Hornbeam,PriddyFair,スターアルファ,サンデーサイレンス,Halo,WishingWell,アンティックヴァリュー,NorthernDancer,Moonscape
2015105108,ロサグラウカ,hinba,2015-05-04,8,3,1,0,4,35080000,2,0,ルーラーシップ,キングカメハメハ,Kingmambo,Mr.Prospector,Miesque,マンファス,ラストタイクーン,PilotBird,エアグルーヴ,トニービン,カンパラ,SevernBridge,ダイナカール,ノーザンテースト,シャダイフェザー,ローザブランカ,クロフネ,フレンチデピュティ,DeputyMinister,Mitterand,ブルーアヴェニュー,ClassicGoGo,ElizaBlue,ローズバド,サンデーサイレンス,Halo,WishingWell,ロゼカラー,ShirleyHeights,ローザネイ
2015105109,ミッキーボニータ,boba,2015-02-26,11,2,1,3,5,21150000,0,0,ノヴェリスト,Monsun,Konigsstuhl,DschingisKhan,Konigskronung,Mosella,Surumu,Monasia,NightLagoon,Lagunas,イルドブルボン,Liranga,Nenuphar,NightShift,Narola,ローザボニータ,ディープインパクト,サンデーサイレンス,Halo,WishingWell,ウインドインハーヘア,Alzao,Burghclere,ローザロバータ,FireMaker,FireDancer,QuickNative,MayDayNinety,Alydar,MayDayEighty
2015105110,ジャックローズ,boba,2015-04-11,6,2,1,1,2,22840000,0,0,ハービンジャー,Dansili,デインヒル,Danzig,Razyana,Hasili,Kahyasi,Kerali,PenangPearl,Bering,ArcticTern,Beaune,Guapa,ShareefDancer,Sauceboat,ローザミスティカ,アグネスタキオン,サンデーサイレンス,Halo,WishingWell,アグネスフローラ,ロイヤルスキー,アグネスレディー,ロゼカラー,ShirleyHeights,MillReef,Hardiemma,ローザネイ,Lyphard,RiviereDoree
2015105111,ローザフェリーチェ,hinba,2015-02-02,8,1,0,0,7,6100000,0,0,エンパイアメーカー,Unbridled,Fappiano,Mr.Prospector,Killaloe,GanaFacil,LeFabuleux,Charedi,Toussaud,ElGranSenor,NorthernDancer,SexAppeal,ImageofReality,InReality,Edee'sImage,ローズバド,サンデーサイレンス,Halo,HailtoReason,Cosmah,WishingWell,Understanding,MountainFlower,ロゼカラー,ShirleyHeights,MillReef,Hardiemma,ローザネイ,Lyphard,RiviereDoree
2015105112,ロックザボート,hinba,2015-03-18,10,1,0,0,9,5000000,0,0,FastnetRock,デインヒル,Danzig,NorthernDancer,PasdeNom,Razyana,HisMajesty,SpringAdieu,PiccadillyCircus,ロイヤルアカデミーII,Nijinsky,CrimsonSaint,Gatana,Marauding,Twigalae,ローマンエンプレス,Sadler'sWells,NorthernDancer,Nearctic,Natalma,FairyBridge,BoldReason,Special,IonianSea,SlipAnchor,ShirleyHeights,Sayonara,SnowDay,Reliance,Vindaria
2015105113,ミリラニ,hinba,2015-02-23,12,0,1,1,10,70000,0,0,ハーツクライ,サンデーサイレンス,Halo,HailtoReason,Cosmah,WishingWell,Understanding,MountainFlower,アイリッシュダンス,トニービン,カンパラ,SevernBridge,ビューパーダンス,Lyphard,MyBupers,ワイオラ,Sadler'sWells,NorthernDancer,Nearctic,Natalma,FairyBridge,BoldReason,Special,RubiesFromBurma,フォーティナイナー,Mr.Prospector,File,PerfectExample,FarNorth,BoldExample
2015105114,ミッキーワイルド,boba,2015-02-04,13,4,5,1,3,79610000,1,0,ロードカナロア,キングカメハメハ,Kingmambo,Mr.Prospector,Miesque,マンファス,ラストタイクーン,PilotBird,レディブラッサム,StormCat,StormBird,Terlingua,サラトガデュー,Cormorant,SuperLuna,ワイルドラズベリー,ファルブラヴ,FairyKing,NorthernDancer,FairyBridge,GiftoftheNight,Slewpy,LittleNana,ディアアドマイヤ,サンデーサイレンス,Halo,WishingWell,マリスターII,Baldski,PinkDove
2015105115,アイワナシーユー,hinba,2015-01-10,5,0,1,0,4,2800000,0,0,ステイゴールド,サンデーサイレンス,Halo,HailtoReason,Cosmah,WishingWell,Understanding,MountainFlower,ゴールデンサッシュ,ディクタス,Sanctus,Doronic,ダイナサッシュ,ノーザンテースト,ロイヤルサッシュ,ワナダンス,TheLeopard,StormCat,StormBird,Terlingua,MoonSafari,Mr.Prospector,Video,Wannabe,Mutakddim,SeekingtheGold,Oscillate,Wally,サザンヘイロー,Welcome
2015105116,ワナビーザベストの2015,hinba,2015-04-05,0,0,0,0,0,0,0,0,ワークフォース,キングズベスト,Kingmambo,Mr.Prospector,Miesque,Allegretta,Lombard,Anatevka,SovietMoon,Sadler'sWells,NorthernDancer,FairyBridge,EvaLuna,Alleged,MediaLuna,ワナビーザベスト,ステイゴールド,サンデーサイレンス,Halo,WishingWell,ゴールデンサッシュ,ディクタス,ダイナサッシュ,シャープキック,メジロマックイーン,メジロティターン,メジロオーロラ,ペッパーキャロル,ニチドウアラシ,ダイナキャロル
2015105117,プローシブル,boba,2015-01-18,12,1,1,0,10,7000000,0,0,キングカメハメハ,Kingmambo,Mr.Prospector,RaiseaNative,GoldDigger,Miesque,Nureyev,Pasadoble,マンファス,ラストタイクーン,トライマイベスト,MillPrincess,PilotBird,Blakeney,TheDancer,ワンダースマイル,ダイワメジャー,サンデーサイレンス,Halo,WishingWell,スカーレットブーケ,ノーザンテースト,スカーレットインク,アンソニカ,Purge,Pulpit,Copelan'sBidGal,Enabru,Roanoke,SatinPromise
2015105118,アルパインスタイルの2015,boba,2015-03-24,0,0,0,0,0,0,0,0,ローレルゲレイロ,キングヘイロー,ダンシングブレーヴ,Lyphard,NavajoPrincess,グッバイヘイロー,Halo,PoundFoolish,ビッグテンビー,テンビー,Caerleon,ShiningWater,モガミヒメ,カコイーシーズ,モガミポイント,アルパインスタイル,ダイワメジャー,サンデーサイレンス,Halo,WishingWell,スカーレットブーケ,ノーザンテースト,スカーレットインク,ビジーリジー,Sadler'sWells,NorthernDancer,FairyBridge,Impatiente,VaguelyNoble,サング
2015105119,ウインオルフェウス,boba,2015-06-17,25,1,5,4,15,3300000,0,0,ステイゴールド,サンデーサイレンス,Halo,HailtoReason,Cosmah,WishingWell,Understanding,MountainFlower,ゴールデンサッシュ,ディクタス,Sanctus,Doronic,ダイナサッシュ,ノーザンテースト,ロイヤルサッシュ,スターデュエット,DixielandBand,NorthernDancer,Nearctic,Natalma,MississippiMud,DeltaJudge,SandBuggy,SavannahSong,Riverman,NeverBend,RiverLady,Berkut,Sea-Bird,Feria
2015105120,ウインオルビット,boba,2015-06-16,16,2,0,0,14,6500000,0,0,アイルハヴアナザー,FlowerAlley,DistortedHumor,フォーティナイナー,Danzig'sBeauty,プリンセスオリビア,Lycius,DanceImage,Arch'sGalEdith,Arch,KrisS.,Aurora,ForceFiveGal,PleasantTap,LastCause,マイネピュール,ジェニュイン,サンデーサイレンス,Halo,WishingWell,クルーピアレディー,WhatLuck,Questiond'Argent,レデイスポート,トニービン,カンパラ,SevernBridge,ミスティックレディ,ロイヤルスキー,イチセンチュリー
2015105121,ラトーヌシャイン,hinba,2015-05-06,23,5,4,3,11,2720000,0,0,モンテロッソ,Dubawi,DubaiMillennium,SeekingtheGold,ColoradoDancer,Zomaradah,Deploy,Jawaher,PortoRoca,Barathea,Sadler'sWells,Brocade,Antelliere,Salieri,Anntelle,ラトーヌサンライズ,タイキシャトル,Devil'sBag,Halo,Ballade,ウェルシュマフィン,Caerleon,Muffitys,ノベンバーサンライズ,Danzig,NorthernDancer,PasdeNom,TimelyRoman,SetteBello,TimelyTammy
2015105122,ヤンキーイズム,boba,2015-04-16,33,6,4,3,20,1780000,0,0,フレンチデピュティ,DeputyMinister,ViceRegent,NorthernDancer,VictoriaRegina,MintCopy,Bunty'sFlight,Shakney,Mitterand,HoldYourPeace,SpeakJohn,BlueMoon,LaredoLass,BoldRuler,FortunateIsle,ロスヴィータ,ゼンノロブロイ,サンデーサイレンス,Halo,WishingWell,ローミンレイチェル,マイニング,OneSmartLady,アクセラレイション,Acatenango,Surumu,Aggravate,ワールウインド,LeadingCounsel,Battledress
2015105123,テイエムフリーオー,boba,2015-04-04,8,0,0,0,8,0,0,0,フリオーソ,ブライアンズタイム,Roberto,HailtoReason,Bramalea,Kelley'sDay,Graustark,GoldenTrail,ファーザ,Mr.Prospector,RaiseaNative,GoldDigger,Baya,Nureyev,Barger,ショウナンカグラ,アジュディケーティング,Danzig,NorthernDancer,PasdeNom,Resolver,Reviewer,LovelyMorning,ダイヤノクビカザリ,ブレイヴェストローマン,NeverBend,RomanSong,マリージョーイ,テスコボーイ,デリラハード
2015105124,ミネルバビスチェ,hinba,2015-05-25,18,0,0,0,18,590000,0,0,アドマイヤムーン,エンドスウィープ,フォーティナイナー,Mr.Prospector,File,BroomDance,DanceSpell,WitchingHour,マイケイティーズ,サンデーサイレンス,Halo,WishingWell,ケイティーズファースト,Kris,Katies,タイキプレリュード,Cozzene,Caro,フォルティノ,Chambord,RidetheTrails,PrinceJohn,Wildwook,PrivateEncore,Niniski,Nijinsky,VirginiaHills,Muffitys,Thatch,Contrail
2015105125,ペプチドプレシャスの2015,hinba,2015-04-15,0,0,0,0,0,0,0,0,ディープスカイ,アグネスタキオン,サンデーサイレンス,Halo,WishingWell,アグネスフローラ,ロイヤルスキー,アグネスレディー,アビ,Chief'sCrown,Danzig,SixCrowns,Carmelized,KeytotheMint,Carmelize,ペプチドプレシャス,スペシャルウィーク,サンデーサイレンス,Halo,WishingWell,キャンペンガール,マルゼンスキー,レディーシラオキ,マルカアイリス,ブレイヴェストローマン,NeverBend,RomanSong,イカホゲレン,ハイハット,バンバレラ
2015105126,ボンホープ,boba,2015-03-05,20,5,5,2,8,6520000,0,0,パイロ,Pulpit,A.P.Indy,SeattleSlew,WeekendSurprise,Preach,Mr.Prospector,Narrate,WildVision,WildAgain,Icecapade,Bushel-n-Peck,Carol'sWonder,PasstheTab,CarolsChristmas,ボンナターレ,フジキセキ,サンデーサイレンス,Halo,WishingWell,ミルレーサー,LeFabuleux,Marston'sMill,ムーンライトラン,MoscowBallet,Nijinsky,Millicent,Moonscape,TomFool,Brazen
2015105127,オリオンローラ,hinba,2015-03-30,56,2,2,5,47,1670000,0,0,フリオーソ,ブライアンズタイム,Roberto,HailtoReason,Bramalea,Kelley'sDay,Graustark,GoldenTrail,ファーザ,Mr.Prospector,RaiseaNative,GoldDigger,Baya,Nureyev,Barger,ムーランヴェール,ジャングルポケット,トニービン,カンパラ,SevernBridge,ダンスチャーマー,Nureyev,SkillfulJoy,ミスエメラルド,トウショウボーイ,テスコボーイ,ソシアルバターフライ,シャトーダンサー,ダンサーズイメージ,グリーンシャトー
2015105128,トーセンハルカ,hinba,2015-03-15,5,0,0,0,5,10000,0,0,ロジユニヴァース,ネオユニヴァース,サンデーサイレンス,Halo,WishingWell,ポインテッドパス,Kris,SilkenWay,アコースティクス,CapeCross,GreenDesert,ParkAppeal,ソニンク,Machiavellian,SonicLady,シルクフレアー,Danzig,NorthernDancer,Nearctic,Natalma,PasdeNom,Admiral'sVoyage,Petitioner,JetRoute,Alydar,RaiseaNative,SweetTooth,Katies,ノノアルコ,Mortefontaine
2015105129,シャテーヌ,hinba,2015-04-14,13,1,0,1,11,10120000,0,0,トランセンド,ワイルドラッシュ,WildAgain,Icecapade,Bushel-n-Peck,RosePark,PluggedNickle,Hardship,シネマスコープ,トニービン,カンパラ,SevernBridge,ブルーハワイ,スリルショー,サニースワップス,プリュネル,ジェニュイン,サンデーサイレンス,Halo,WishingWell,クルーピアレディー,WhatLuck,Questiond'Argent,サタデーナイト,ロイヤルスキー,RajaBaba,Cozo'Nijinsky,カナデアンチーフ,トライバルチーフ,スイーブ
2015105130,マイネルポーション,boba,2015-06-13,44,3,6,9,26,1660000,0,0,アイルハヴアナザー,FlowerAlley,DistortedHumor,フォーティナイナー,Danzig'sBeauty,プリンセスオリビア,Lycius,DanceImage,Arch'sGalEdith,Arch,KrisS.,Aurora,ForceFiveGal,PleasantTap,LastCause,マイネサマンサ,ディアブロ,Devil'sBag,Halo,Ballade,Avilion,CornishPrince,StyleandGrace,アオエトウショウ,トウショウボーイ,テスコボーイ,ソシアルバターフライ,ムツミカースル,チャイナロック,ムツミコウギヨウ
2015105131,マイネルアンファン,boba,2015-06-15,15,3,1,0,11,32990000,1,0,アイルハヴアナザー,FlowerAlley,DistortedHumor,フォーティナイナー,Danzig'sBeauty,プリンセスオリビア,Lycius,DanceImage,Arch'sGalEdith,Arch,KrisS.,Aurora,ForceFiveGal,PleasantTap,LastCause,マンデームスメ,サンデーサイレンス,Halo,HailtoReason,Cosmah,WishingWell,Understanding,MountainFlower,タイムスリップ,ブライアンズタイム,Roberto,Kelley'sDay,クリスシルバー,マルゼンスキー,クリスゲリー
2015105132,レディソーサリスの2015,boba,2015-06-22,0,0,0,0,0,0,0,0,アイルハヴアナザー,FlowerAlley,DistortedHumor,フォーティナイナー,Danzig'sBeauty,プリンセスオリビア,Lycius,DanceImage,Arch'sGalEdith,Arch,KrisS.,Aurora,ForceFiveGal,PleasantTap,LastCause,レディソーサリス,サンデーサイレンス,Halo,HailtoReason,Cosmah,WishingWell,Understanding,MountainFlower,マジックショール,ダイヤモンドショール,MillReef,CrownTreasure,マガロ,Caro,Magic
2015105133,スガノインディ,boba,2015-02-22,29,7,5,4,13,2180000,0,0,パイロ,Pulpit,A.P.Indy,SeattleSlew,WeekendSurprise,Preach,Mr.Prospector,Narrate,WildVision,WildAgain,Icecapade,Bushel-n-Peck,Carol'sWonder,PasstheTab,CarolsChristmas,ソングオブサイレンス,Unbridled'sSong,Unbridled,Fappiano,GanaFacil,TrolleySong,Caro,LuckySpell,StateSecret,GreenDesert,Danzig,ForeignCourier,It'sintheAir,Mr.Prospector,AWindIsRising
2015105134,リーヅモドラドラ,hinba,2015-03-27,3,0,0,0,3,70000,0,0,キングズベスト,Kingmambo,Mr.Prospector,RaiseaNative,GoldDigger,Miesque,Nureyev,Pasadoble,Allegretta,Lombard,Agio,PromisedLady,Anatevka,Espresso,Almyra,ブルーダヌーブ,Bahri,Riverman,NeverBend,RiverLady,Wasnah,Nijinsky,HighestTrump,シンコウエルメス,Sadler'sWells,NorthernDancer,FairyBridge,DofftheDerby,MasterDerby,Margarethen
2015105135,スターアイリス,hinba,2015-05-22,32,5,3,4,20,1100000,0,0,ヨハネスブルグ,ヘネシー,StormCat,StormBird,Terlingua,IslandKitty,Hawaii,T.C.Kitten,Myth,オジジアン,Damascus,Gonfalon,Yarn,Mr.Prospector,Narrate,クラウディア,マンハッタンカフェ,サンデーサイレンス,Halo,WishingWell,サトルチェンジ,LawSociety,SantaLuciana,アローム,ノーザンテースト,NorthernDancer,LadyVictoria,ストロークト,Riverman,HerB.
2015105136,オレノマニラ,boba,2015-04-11,16,2,2,1,11,20650000,0,0,フリオーソ,ブライアンズタイム,Roberto,HailtoReason,Bramalea,Kelley'sDay,Graustark,GoldenTrail,ファーザ,Mr.Prospector,RaiseaNative,GoldDigger,Baya,Nureyev,Barger,フクウマ,クロフネ,フレンチデピュティ,DeputyMinister,Mitterand,ブルーアヴェニュー,ClassicGoGo,ElizaBlue,バブリングブライド,バブルガムフェロー,サンデーサイレンス,バブルカンパニー,ブライダルディナー,Slewo'Gold,Cavort
2015105137,サワオウジョ,hinba,2015-03-16,16,0,1,2,13,1830000,0,0,ヒルノダムール,マンハッタンカフェ,サンデーサイレンス,Halo,WishingWell,サトルチェンジ,LawSociety,SantaLuciana,シェアエレガンス,ラムタラ,Nijinsky,SnowBride,メアリーリノア,L'Emigrant,MarieNoelle,サワキック,アグネスデジタル,CraftyProspector,Mr.Prospector,RealCraftyLady,ChanceySquaw,Chief'sCrown,Allicance,サインヒア,PrivateTerms,PrivateAccount,Laughter,MissDemure,ShyGroom,Larosterna
2015105138,ノボサプライズ,hinba,2015-05-27,39,4,2,3,30,1380000,0,0,ノボトゥルー,BroadBrush,AckAck,BattleJoined,FastTurn,HayPatcher,HoisttheFlag,TurntoTalent,Nastique,Naskra,Nasram,Iskra,LaFantastique,LeFabuleux,Witherite,ノボレインボー,ノボジャック,フレンチデピュティ,DeputyMinister,Mitterand,フライトオブエンジェルス,アフリート,Intently,ガルデーニエ,タマモクロス,シービークロス,グリーンシャトー,クラシーグリーン,ViceRegent,Thasos
2015105139,シゲルアサツキ,hinba,2015-05-17,24,4,2,1,17,1250000,0,0,ハードスパン,Danzig,NorthernDancer,Nearctic,Natalma,PasdeNom,Admiral'sVoyage,Petitioner,TurkishTryst,Turkoman,Alydar,Taba,Darbyvail,Roberto,Luiana,ジョウノヴィーナス,サンデーサイレンス,Halo,HailtoReason,Cosmah,WishingWell,Understanding,MountainFlower,ジョウノマチエール,マルゼンスキー,Nijinsky,シル,ウメノシルバー,シルバーシャーク,ストロングベビー
2015105140,サンマルミヤビ,hinba,2015-03-27,9,1,0,0,8,5600000,0,0,ストーミングホーム,Machiavellian,Mr.Prospector,RaiseaNative,GoldDigger,CoupdeFolie,Halo,RaisetheStandard,TrytoCatchMe,ShareefDancer,NorthernDancer,SweetAlliance,It'sintheAir,Mr.Prospector,AWindIsRising,ジョウノオーロラ,サンデーサイレンス,Halo,HailtoReason,Cosmah,WishingWell,Understanding,MountainFlower,ミヤビサクラコ,ノーザンテースト,NorthernDancer,LadyVictoria,ダイナフリーウェイ,ディクタス,シヤダイシグナル
2015105141,サンマルリトリート,hinba,2015-05-07,15,1,2,1,11,12900000,0,0,ハードスパン,Danzig,NorthernDancer,Nearctic,Natalma,PasdeNom,Admiral'sVoyage,Petitioner,TurkishTryst,Turkoman,Alydar,Taba,Darbyvail,Roberto,Luiana,スイートリトリート,IndianRidge,Ahonoora,Lorenzaccio,HelenNichols,Hillbrow,SwingEasy,GoldenCity,Aptostar,Fappiano,Mr.Prospector,Killaloe,StarkDrama,Graustark,Pantomime
2015105142,ダンツカホウ,hinba,2015-03-12,14,2,0,0,12,13250000,0,0,ワークフォース,キングズベスト,Kingmambo,Mr.Prospector,Miesque,Allegretta,Lombard,Anatevka,SovietMoon,Sadler'sWells,NorthernDancer,FairyBridge,EvaLuna,Alleged,MediaLuna,フェリーク,サンデーサイレンス,Halo,HailtoReason,Cosmah,WishingWell,Understanding,MountainFlower,ジェドゥーザムール,TopVille,HighTop,SegaVille,Pollenka,Reliance,Polana
2015105143,ヴィーダ,boba,2015-04-21,16,3,3,4,6,12250000,0,0,ヨハネスブルグ,ヘネシー,StormCat,StormBird,Terlingua,IslandKitty,Hawaii,T.C.Kitten,Myth,オジジアン,Damascus,Gonfalon,Yarn,Mr.Prospector,Narrate,アイーンベル,サンデーサイレンス,Halo,HailtoReason,Cosmah,WishingWell,Understanding,MountainFlower,ミスベルベール,Bering,ArcticTern,Beaune,MissAfrique,AfricanSong,Dictumisas
2015105144,アスターソード,boba,2015-05-21,15,1,1,3,10,16540000,1,0,ゴールドアリュール,サンデーサイレンス,Halo,HailtoReason,Cosmah,WishingWell,Understanding,MountainFlower,ニキーヤ,Nureyev,NorthernDancer,Special,ReluctantGuest,Hostage,VaguelyRoyal,アスターヒューモア,MoreThanReady,サザンヘイロー,Halo,NorthernSea,Woodman'sGirl,Woodman,BeckyBeGood,SaratogaHumor,DistortedHumor,フォーティナイナー,Danzig'sBeauty,SaratogaAck,SaratogaSix,FleetingAck
2015105145,デンセツノマジョ,hinba,2015-05-14,12,1,3,0,8,15450000,0,0,オンファイア,サンデーサイレンス,Halo,HailtoReason,Cosmah,WishingWell,Understanding,MountainFlower,ウインドインハーヘア,Alzao,Lyphard,LadyRebecca,Burghclere,Busted,Highclere,アドマイヤダッシュ,フサイチコンコルド,Caerleon,Nijinsky,Foreseer,バレークイーン,Sadler'sWells,SunPrincess,シンコウエンジェル,オジジアン,Damascus,Gonfalon,AKissforLuck,ReflectedGlory,PaintedFlag
2015105146,キタノカイダンジ,boba,2015-03-17,26,0,3,4,19,450000,0,0,ホワイトマズル,ダンシングブレーヴ,Lyphard,NorthernDancer,Goofed,NavajoPrincess,Drone,Olmec,FairoftheFurze,Ela-Mana-Mou,ピットカーン,RoseBertin,Autocratic,Tyrant,FlightTable,アドマイヤトパーズ,アドマイヤベガ,サンデーサイレンス,Halo,WishingWell,ベガ,トニービン,アンティックヴァリュー,アドマイヤラピス,BeMyGuest,NorthernDancer,WhataTreat,Elevate,Ela-Mana-Mou,SunnyValley
2015105147,アベニンマルカート,hinba,2015-03-16,51,5,4,3,39,1910000,0,0,スマートファルコン,ゴールドアリュール,サンデーサイレンス,Halo,WishingWell,ニキーヤ,Nureyev,ReluctantGuest,ケイシュウハーブ,ミシシッピアン,VaguelyNoble,Gazala,キョウエイシラユキ,クラウンドプリンス,アリアーン,アベニンプラナス,サウスヴィグラス,エンドスウィープ,フォーティナイナー,BroomDance,ダーケストスター,StardeNaskra,MinnieRiperton,ダンシングバード,チーフベアハート,Chief'sCrown,AmeliaBearhart,ダンシングエコー,ダンシングブレーヴ,カツミエコー
2015105148,キックオフ,boba,2015-03-01,37,2,3,5,27,960000,0,0,ネオユニヴァース,サンデーサイレンス,Halo,HailtoReason,Cosmah,WishingWell,Understanding,MountainFlower,ポインテッドパス,Kris,SharpenUp,DoublySure,SilkenWay,Shantung,Boulevard,オモイデサクラ,サクラバクシンオー,サクラユタカオー,テスコボーイ,アンジェリカ,サクラハゴロモ,ノーザンテースト,クリアアンバー,トニーズメモリイ,トニービン,カンパラ,SevernBridge,ピーチブルーム,ディクタス,ノーザンクリアー
2015105149,ムテキノオジョウ,hinba,2015-03-17,23,1,1,2,19,2400000,0,0,サウスヴィグラス,エンドスウィープ,フォーティナイナー,Mr.Prospector,File,BroomDance,DanceSpell,WitchingHour,ダーケストスター,StardeNaskra,Naskra,CandleStar,MinnieRiperton,CornishPrince,EnglishHarbor,カアチャンコワイ,クロフネ,フレンチデピュティ,DeputyMinister,Mitterand,ブルーアヴェニュー,ClassicGoGo,ElizaBlue,フレンドリーマナー,サンデーサイレンス,Halo,WishingWell,フレンドリービューティ,Stalwart,Fredaq
2015105150,スノービスケット,hinba,2015-03-03,28,1,4,6,17,630000,0,0,ヴァーミリアン,エルコンドルパサー,Kingmambo,Mr.Prospector,Miesque,サドラーズギャル,Sadler'sWells,Glenveagh,スカーレットレディ,サンデーサイレンス,Halo,WishingWell,スカーレットローズ,ノーザンテースト,スカーレットインク,ギンザフローラル,シンボリクリスエス,KrisS.,Roberto,SharpQueen,TeeKay,GoldMeridian,TriArgo,ストロングウィドウ,SeekingtheGold,Mr.Prospector,ConGame,BoldWindy,BoldTropic,WindyP.J.
2015105151,サワノパルファンの2015,hinba,2015-05-23,0,0,0,0,0,0,0,0,ブレイクランアウト,SmartStrike,Mr.Prospector,RaiseaNative,GoldDigger,Classy'nSmart,Smarten,NoClass,キュー,フレンチデピュティ,DeputyMinister,Mitterand,PJFloral,Baldski,PeroxidePrincess,サワノパルファン,クロフネ,フレンチデピュティ,DeputyMinister,Mitterand,ブルーアヴェニュー,ClassicGoGo,ElizaBlue,サワノプリマベーラ,サンデーサイレンス,Halo,WishingWell,サワノビンティ,トニービン,ダッシングママ
2015105152,マイアミブルー,hinba,2015-04-11,20,4,5,0,11,750000,0,0,ワークフォース,キングズベスト,Kingmambo,Mr.Prospector,Miesque,Allegretta,Lombard,Anatevka,SovietMoon,Sadler'sWells,NorthernDancer,FairyBridge,EvaLuna,Alleged,MediaLuna,サワノプリマベーラ,サンデーサイレンス,Halo,HailtoReason,Cosmah,WishingWell,Understanding,MountainFlower,サワノビンティ,トニービン,カンパラ,SevernBridge,ダッシングママ,マルゼンスキー,マドモアゼルナムラ
2015105153,ダテノライトニング,hinba,2015-05-12,8,1,1,0,6,8100000,0,0,ゴールドアリュール,サンデーサイレンス,Halo,HailtoReason,Cosmah,WishingWell,Understanding,MountainFlower,ニキーヤ,Nureyev,NorthernDancer,Special,ReluctantGuest,Hostage,VaguelyRoyal,スパークルレディー,フォーティナイナー,Mr.Prospector,RaiseaNative,GoldDigger,File,TomRolfe,Continue,アジュディケーター,アジュディケーティング,Danzig,Resolver,アロープリンセス,クラウンドプリンス,エイアロー
2015105154,タマモリング,boba,2015-04-30,5,0,0,0,5,0,0,0,ブラックタイド,サンデーサイレンス,Halo,HailtoReason,Cosmah,WishingWell,Understanding,MountainFlower,ウインドインハーヘア,Alzao,Lyphard,LadyRebecca,Burghclere,Busted,Highclere,タマモピアス,キングカメハメハ,Kingmambo,Mr.Prospector,Miesque,マンファス,ラストタイクーン,PilotBird,ダイヤモンドピアス,サクラユタカオー,テスコボーイ,アンジェリカ,タマモダイヤモンド,ミルジョージ,タマモコトブキ
2015105155,タマモキンバリー,boba,2015-05-27,10,0,0,1,9,2300000,0,0,マツリダゴッホ,サンデーサイレンス,Halo,HailtoReason,Cosmah,WishingWell,Understanding,MountainFlower,ペイパーレイン,BelBolide,BoldBidder,LadyGraustark,フローラルマジック,Affirmed,RareLady,チャームダイヤ,ヘネシー,StormCat,StormBird,Terlingua,IslandKitty,Hawaii,T.C.Kitten,ダイヤモンドピアス,サクラユタカオー,テスコボーイ,アンジェリカ,タマモダイヤモンド,ミルジョージ,タマモコトブキ
2015105156,タマモバレッタ,hinba,2015-03-06,3,0,0,0,3,0,0,0,メイショウボーラー,タイキシャトル,Devil'sBag,Halo,Ballade,ウェルシュマフィン,Caerleon,Muffitys,ナイスレイズ,StormCat,StormBird,Terlingua,NiceTradition,SearchTradition,NiceDancing,チャームペンダント,ボストンハーバー,Capote,SeattleSlew,TooBald,HarborSprings,ViceRegent,Tinnitus,ダイヤモンドピアス,サクラユタカオー,テスコボーイ,アンジェリカ,タマモダイヤモンド,ミルジョージ,タマモコトブキ
2015105157,ビッグタルト,hinba,2015-05-16,13,0,2,3,8,470000,0,0,アッミラーレ,サンデーサイレンス,Halo,HailtoReason,Cosmah,WishingWell,Understanding,MountainFlower,ダジルミージョリエ,CarrdeNaskra,StardeNaskra,CornishRunner,Mawgrit,HoisttheFlag,SpringSunshine,ビッグクロワッサン,プリサイスエンド,エンドスウィープ,フォーティナイナー,BroomDance,Precisely,Summing,Crisp'nClear,ラストドーター,ブラックタイアフェアー,Miswaki,HatTabGirl,イコノクラスト,NewChapter,Agujita
2015105158,ダテノイグナイト,boba,2015-05-25,6,0,0,0,6,0,0,0,ゴールドアリュール,サンデーサイレンス,Halo,HailtoReason,Cosmah,WishingWell,Understanding,MountainFlower,ニキーヤ,Nureyev,NorthernDancer,Special,ReluctantGuest,Hostage,VaguelyRoyal,ビッグトワイニング,トワイニング,フォーティナイナー,Mr.Prospector,File,CourtlyDee,NeverBend,Tulle,ビッグオーシャン,ノノアルコ,Nearctic,Seximee,アロープリンセス,クラウンドプリンス,エイアロー
2015105159,ニッポンダンジ,boba,2015-03-11,40,1,0,5,34,750000,0,0,クロフネ,フレンチデピュティ,DeputyMinister,ViceRegent,MintCopy,Mitterand,HoldYourPeace,LaredoLass,ブルーアヴェニュー,ClassicGoGo,PagoPago,ClassicPerfection,ElizaBlue,Icecapade,コレラ,ファミリズム,ダンスインザダーク,サンデーサイレンス,Halo,WishingWell,ダンシングキイ,Nijinsky,KeyPartner,セニョラージェ,Nureyev,NorthernDancer,Special,Suavite,Alleged,Guinevere'sFolly
2015105160,ジョウショーキック,boba,2015-05-16,0,0,0,0,0,0,0,0,ミリオンディスク,アフリート,Mr.Prospector,RaiseaNative,GoldDigger,PoliteLady,VenetianJester,FriendlyWays,ハッピーリクエスト,トニービン,カンパラ,SevernBridge,エイプリルソネット,Dike,PassMe,ファーストウインク,ロージズインメイ,DevilHisDue,Devil'sBag,PlentyO'Toole,TellaSecret,SpeakJohn,SecretRetreat,レースオブスターズ,アグネスタキオン,サンデーサイレンス,アグネスフローラ,ミルレーサー,LeFabuleux,Marston'sMill
2015105161,ゲンキチチカラ,boba,2015-04-09,4,0,0,0,4,750000,0,0,ルーラーシップ,キングカメハメハ,Kingmambo,Mr.Prospector,Miesque,マンファス,ラストタイクーン,PilotBird,エアグルーヴ,トニービン,カンパラ,SevernBridge,ダイナカール,ノーザンテースト,シャダイフェザー,ラーチャプルック,マーベラスサンデー,サンデーサイレンス,Halo,WishingWell,モミジダンサー,ヴァイスリーガル,モミジII,スーティー,Caerleon,Nijinsky,Foreseer,アグサン,LordGayle,SantaLuciana
2015105162,スワーヴアトス,boba,2015-04-21,11,3,3,2,3,4260000,0,0,ロードカナロア,キングカメハメハ,Kingmambo,Mr.Prospector,Miesque,マンファス,ラストタイクーン,PilotBird,レディブラッサム,StormCat,StormBird,Terlingua,サラトガデュー,Cormorant,SuperLuna,レッドシャンデル,ネオユニヴァース,サンデーサイレンス,Halo,WishingWell,ポインテッドパス,Kris,SilkenWay,アイアンブリッジ,トニービン,カンパラ,SevernBridge,パイナップルスター,ニホンピロウイナー,ダイナスワップス
2015105163,グローリーシェリー,hinba,2015-04-10,43,0,0,2,41,420000,0,0,ローエングリン,シングスピール,IntheWings,Sadler'sWells,ハイホーク,GloriousSong,Halo,Ballade,カーリング,GardeRoyale,MillReef,RoyalWay,Corraleja,Carvin,DarlingDale,グロリーレイ,ラストタイクーン,トライマイベスト,NorthernDancer,SexAppeal,MillPrincess,MillReef,IrishLass,マキハタグロリー,ターゴワイス,RoundTable,Matriarch,シユツラン,シンザン,ミスジェーン
2015105164,ジャンニーナ,hinba,2015-02-09,16,7,3,0,6,2430000,0,0,ロードカナロア,キングカメハメハ,Kingmambo,Mr.Prospector,Miesque,マンファス,ラストタイクーン,PilotBird,レディブラッサム,StormCat,StormBird,Terlingua,サラトガデュー,Cormorant,SuperLuna,アシェラフ,DeputyMinister,ViceRegent,NorthernDancer,VictoriaRegina,MintCopy,Bunty'sFlight,Shakney,CinnamonSugar,WildAgain,Icecapade,Bushel-n-Peck,SugarandSpice,KeytotheMint,SweetTooth
2015105165,ディープエクセル,hinba,2015-05-22,25,1,3,2,19,2750000,0,0,ディープインパクト,サンデーサイレンス,Halo,HailtoReason,Cosmah,WishingWell,Understanding,MountainFlower,ウインドインハーヘア,Alzao,Lyphard,LadyRebecca,Burghclere,Busted,Highclere,エリモエクセル,ロドリゴデトリアーノ,ElGranSenor,NorthernDancer,SexAppeal,HotPrincess,ホットスパーク,Aspara,エリモファンタジー,Riverman,NeverBend,RiverLady,SharetheFantasy,ExclusiveNative,Misukaw
2015105166,ジョユウ,hinba,2015-01-28,13,0,0,0,13,700000,0,0,キングズベスト,Kingmambo,Mr.Prospector,RaiseaNative,GoldDigger,Miesque,Nureyev,Pasadoble,Allegretta,Lombard,Agio,PromisedLady,Anatevka,Espresso,Almyra,エレガンスクイーン,スペシャルウィーク,サンデーサイレンス,Halo,WishingWell,キャンペンガール,マルゼンスキー,レディーシラオキ,コランディアクイン,リアルシャダイ,Roberto,DesertVixen,ルイジアナピット,ヴァリィフォージュ,ミユキカマダ
2015105167,ラディオサ,hinba,2015-05-07,21,3,2,0,16,6080000,0,0,ヨハネスブルグ,ヘネシー,StormCat,StormBird,Terlingua,IslandKitty,Hawaii,T.C.Kitten,Myth,オジジアン,Damascus,Gonfalon,Yarn,Mr.Prospector,Narrate,オールザヴォーグ,ネオユニヴァース,サンデーサイレンス,Halo,WishingWell,ポインテッドパス,Kris,SilkenWay,フラワーアーチ,Nashwan,BlushingGroom,HeightofFashion,ForestFlower,GreenForest,LeapLively
2015105168,ヴァローレネロ,boba,2015-04-26,17,1,0,0,16,6600000,0,0,ヴァーミリアン,エルコンドルパサー,Kingmambo,Mr.Prospector,Miesque,サドラーズギャル,Sadler'sWells,Glenveagh,スカーレットレディ,サンデーサイレンス,Halo,WishingWell,スカーレットローズ,ノーザンテースト,スカーレットインク,クリスタルストーン,ブライアンズタイム,Roberto,HailtoReason,Bramalea,Kelley'sDay,Graustark,GoldenTrail,リキセレナード,ジェイドロバリー,Mr.Prospector,Number,ムーンセレナード,ミスターシービー,ダイナセレナード
2015105169,ステイタス,boba,2015-05-14,15,5,2,1,7,1550000,0,0,ステイゴールド,サンデーサイレンス,Halo,HailtoReason,Cosmah,WishingWell,Understanding,MountainFlower,ゴールデンサッシュ,ディクタス,Sanctus,Doronic,ダイナサッシュ,ノーザンテースト,ロイヤルサッシュ,グレイトグレイス,グルームダンサー,BlushingGroom,RedGod,RunawayBride,Featherhill,Lyphard,LadyBerry,スカーレットリボン,ノーザンテースト,NorthernDancer,LadyVictoria,スカーレットインク,CrimsonSatan,Consentida
2015105170,アスピシア,hinba,2015-04-03,17,1,4,2,10,3150000,0,0,クロフネ,フレンチデピュティ,DeputyMinister,ViceRegent,MintCopy,Mitterand,HoldYourPeace,LaredoLass,ブルーアヴェニュー,ClassicGoGo,PagoPago,ClassicPerfection,ElizaBlue,Icecapade,コレラ,シャレーポピー,サンデーサイレンス,Halo,HailtoReason,Cosmah,WishingWell,Understanding,MountainFlower,リスクアタッチ,PrivateAccount,Damascus,NumberedAccount,AmbassadorofLuck,WhatLuck,Detente
2015105171,ニッポンテイオー,boba,2015-03-05,13,2,0,1,10,22880000,0,0,キングカメハメハ,Kingmambo,Mr.Prospector,RaiseaNative,GoldDigger,Miesque,Nureyev,Pasadoble,マンファス,ラストタイクーン,トライマイベスト,MillPrincess,PilotBird,Blakeney,TheDancer,シルバートレイン,シングスピール,IntheWings,Sadler'sWells,ハイホーク,GloriousSong,Halo,Ballade,シルバーレーン,SilverHawk,Roberto,GrisVitesse,StraitLane,Chieftain,LevelSands
2015105172,アースビヨンド,boba,2015-05-09,12,1,0,0,11,6850000,0,0,ロードカナロア,キングカメハメハ,Kingmambo,Mr.Prospector,Miesque,マンファス,ラストタイクーン,PilotBird,レディブラッサム,StormCat,StormBird,Terlingua,サラトガデュー,Cormorant,SuperLuna,ジョリブロンド,トニービン,カンパラ,Kalamoun,StatePension,SevernBridge,Hornbeam,PriddyFair,ブラッシングブロンド,AlNasr,Lyphard,Caretta,DynamiteBlond,Halo,AllThingsNew
2015105173,ゼットイーリス,hinba,2015-02-02,10,1,1,1,7,2000000,0,0,ハードスパン,Danzig,NorthernDancer,Nearctic,Natalma,PasdeNom,Admiral'sVoyage,Petitioner,TurkishTryst,Turkoman,Alydar,Taba,Darbyvail,Roberto,Luiana,タイキアプローズ,Devil'sBag,Halo,HailtoReason,Cosmah,Ballade,Herbager,MissSwapsco,PrivateEncore,Niniski,Nijinsky,VirginiaHills,Muffitys,Thatch,Contrail
2015105174,サトノガバナー,boba,2015-05-09,7,0,0,0,7,0,0,0,ディープインパクト,サンデーサイレンス,Halo,HailtoReason,Cosmah,WishingWell,Understanding,MountainFlower,ウインドインハーヘア,Alzao,Lyphard,LadyRebecca,Burghclere,Busted,Highclere,タイキクリスティー,Theatrical,Nureyev,NorthernDancer,Special,ツリーオブノレッジ,Sassafras,Sensibility,CertainSecret,KnownFact,InReality,Tamerett,フリーズザシークレット,Nearctic,SecretPractice
2015105175,ヤマザクラ,hinba,2015-05-21,9,1,2,1,5,3700000,0,0,ルーラーシップ,キングカメハメハ,Kingmambo,Mr.Prospector,Miesque,マンファス,ラストタイクーン,PilotBird,エアグルーヴ,トニービン,カンパラ,SevernBridge,ダイナカール,ノーザンテースト,シャダイフェザー,ダブルオベリスク,アグネスタキオン,サンデーサイレンス,Halo,WishingWell,アグネスフローラ,ロイヤルスキー,アグネスレディー,クィーンズダガー,Rahy,BlushingGroom,GloriousSong,ケイティーズファースト,Kris,Katies
2015105176,ウォーターロレンス,boba,2015-05-07,7,1,0,0,6,5000000,0,0,キングカメハメハ,Kingmambo,Mr.Prospector,RaiseaNative,GoldDigger,Miesque,Nureyev,Pasadoble,マンファス,ラストタイクーン,トライマイベスト,MillPrincess,PilotBird,Blakeney,TheDancer,ノーブルストーン,Hussonet,Mr.Prospector,RaiseaNative,GoldDigger,Sacahuista,RajaBaba,NaleesFlyingFlag,LaceWing,Caerleon,Nijinsky,Foreseer,CapoDiMonte,FinalStraw,Burghclere
2015105177,プリンシパルシチー,boba,2015-05-09,1,0,0,0,1,0,0,0,ダイワメジャー,サンデーサイレンス,Halo,HailtoReason,Cosmah,WishingWell,Understanding,MountainFlower,スカーレットブーケ,ノーザンテースト,NorthernDancer,LadyVictoria,スカーレットインク,CrimsonSatan,Consentida,パサパ,キングカメハメハ,Kingmambo,Mr.Prospector,Miesque,マンファス,ラストタイクーン,PilotBird,スイートマイハート,Caerleon,Nijinsky,Foreseer,AllMyHeart,SharpenUp,RedComesUp
2015105178,パーフェクトブルーの2015,boba,2015-04-21,0,0,0,0,0,0,0,0,ロードカナロア,キングカメハメハ,Kingmambo,Mr.Prospector,Miesque,マンファス,ラストタイクーン,PilotBird,レディブラッサム,StormCat,StormBird,Terlingua,サラトガデュー,Cormorant,SuperLuna,パーフェクトブルー,サンデーサイレンス,Halo,HailtoReason,Cosmah,WishingWell,Understanding,MountainFlower,ビューティークロス,タマモクロス,シービークロス,グリーンシャトー,ミヤマビューティー,ノーザンテースト,ホウヨウクイン
2015105179,ブンダバー,boba,2015-03-31,3,0,0,0,3,90000,0,0,アイルハヴアナザー,FlowerAlley,DistortedHumor,フォーティナイナー,Danzig'sBeauty,プリンセスオリビア,Lycius,DanceImage,Arch'sGalEdith,Arch,KrisS.,Aurora,ForceFiveGal,PleasantTap,LastCause,ヒラボクガール,タニノギムレット,ブライアンズタイム,Roberto,Kelley'sDay,タニノクリスタル,クリスタルパレス,タニノシーバード,エミネントガール,Nashwan,BlushingGroom,HeightofFashion,タレンティドガール,リマンド,チヨダマサコ
2015105180,バトルハクオウ,boba,2015-04-29,25,1,5,3,16,3500000,0,0,マンハッタンカフェ,サンデーサイレンス,Halo,HailtoReason,Cosmah,WishingWell,Understanding,MountainFlower,サトルチェンジ,LawSociety,Alleged,BoldBikini,SantaLuciana,Luciano,Suleika,ピースヴィクトリア,マヤノトップガン,ブライアンズタイム,Roberto,Kelley'sDay,アルプミープリーズ,BlushingGroom,Swiss,プレシャスライフ,タイキシャトル,Devil'sBag,ウェルシュマフィン,スターマイライフ,StormCat,GreatLadyM.
2015105181,ピースオブラヴの2015,boba,2015-05-31,0,0,0,0,0,0,0,0,ディープインパクト,サンデーサイレンス,Halo,HailtoReason,Cosmah,WishingWell,Understanding,MountainFlower,ウインドインハーヘア,Alzao,Lyphard,LadyRebecca,Burghclere,Busted,Highclere,ピースオブラヴ,マイネルラヴ,SeekingtheGold,Mr.Prospector,ConGame,HeartofJoy,リィフォー,Mythographer,ピアラプソディ,ブライアンズタイム,Roberto,Kelley'sDay,ベルプリンセス,シルバーシャーク,カネジョリー
2015105182,フェスタマドンナ,hinba,2015-01-27,12,1,0,2,9,11050000,0,0,ヴィクトワールピサ,ネオユニヴァース,サンデーサイレンス,Halo,WishingWell,ポインテッドパス,Kris,SilkenWay,ホワイトウォーターアフェア,Machiavellian,Mr.Prospector,CoupdeFolie,MuchTooRisky,Bustino,ShortRations,フェアリーブレス,フレンチデピュティ,DeputyMinister,ViceRegent,MintCopy,Mitterand,HoldYourPeace,LaredoLass,スイートマイハート,Caerleon,Nijinsky,Foreseer,AllMyHeart,SharpenUp,RedComesUp
2015105183,トンイ,hinba,2015-02-14,26,4,9,2,11,7800000,0,0,ディープブリランテ,ディープインパクト,サンデーサイレンス,Halo,WishingWell,ウインドインハーヘア,Alzao,Burghclere,ラヴアンドバブルズ,LoupSauvage,Riverman,Louveterie,バブルドリーム,Akarad,バブルプロスペクター,プランシングレディ,ファンタスティックライト,Rahy,BlushingGroom,GloriousSong,Jood,Nijinsky,Kamar,コーディング,MarkofEsteem,Darshaan,Homage,Chalon,Habitat,Areola
2015105184,ディーヴォ,boba,2015-05-06,24,1,1,2,20,480000,0,0,ローエングリン,シングスピール,IntheWings,Sadler'sWells,ハイホーク,GloriousSong,Halo,Ballade,カーリング,GardeRoyale,MillReef,RoyalWay,Corraleja,Carvin,DarlingDale,ベストマテリアル,アグネスタキオン,サンデーサイレンス,Halo,WishingWell,アグネスフローラ,ロイヤルスキー,アグネスレディー,サイプレス,Sadler'sWells,NorthernDancer,FairyBridge,Cumbres,Kahyasi,Floripedes
2015105185,ライブリゴールド,hinba,2015-05-28,10,0,0,0,10,0,0,0,ステイゴールド,サンデーサイレンス,Halo,HailtoReason,Cosmah,WishingWell,Understanding,MountainFlower,ゴールデンサッシュ,ディクタス,Sanctus,Doronic,ダイナサッシュ,ノーザンテースト,ロイヤルサッシュ,ミッションヒルズ,アグネスデジタル,CraftyProspector,Mr.Prospector,RealCraftyLady,ChanceySquaw,Chief'sCrown,Allicance,タイキダイヤ,オジジアン,Damascus,Gonfalon,パテントリークリア,Miswaki,BadgeofCourage
2015105186,サンディー,hinba,2015-04-26,20,1,1,1,17,2400000,0,0,ジャングルポケット,トニービン,カンパラ,Kalamoun,StatePension,SevernBridge,Hornbeam,PriddyFair,ダンスチャーマー,Nureyev,NorthernDancer,Special,SkillfulJoy,Nodouble,SkillfulMiss,メイクミーシャイン,アグネスデジタル,CraftyProspector,Mr.Prospector,RealCraftyLady,ChanceySquaw,Chief'sCrown,Allicance,メイクヒストリー,サンデーサイレンス,Halo,WishingWell,シジェームサン,SeptiemeCiel,Samalex
2015105187,イリアンソス,hinba,2015-03-29,15,3,2,2,8,1050000,0,0,ヴァーミリアン,エルコンドルパサー,Kingmambo,Mr.Prospector,Miesque,サドラーズギャル,Sadler'sWells,Glenveagh,スカーレットレディ,サンデーサイレンス,Halo,WishingWell,スカーレットローズ,ノーザンテースト,スカーレットインク,モデルウォーク,キングカメハメハ,Kingmambo,Mr.Prospector,Miesque,マンファス,ラストタイクーン,PilotBird,ビューチフルドラマ,ヘクタープロテクター,Woodman,Korveya,ビューチフルロマン,ノノアルコ,ビクトリアクラウン
2015105188,アイアンクロー,boba,2015-03-07,15,1,1,1,12,24810000,2,0,アドマイヤムーン,エンドスウィープ,フォーティナイナー,Mr.Prospector,File,BroomDance,DanceSpell,WitchingHour,マイケイティーズ,サンデーサイレンス,Halo,WishingWell,ケイティーズファースト,Kris,Katies,ヤマノアイリー,グラスワンダー,SilverHawk,Roberto,GrisVitesse,Ameriflora,Danzig,GracefulTouch,ダイワノブレス,サンデーサイレンス,Halo,WishingWell,ミルレーサー,LeFabuleux,Marston'sMill
2015105189,キャスタウェイ,boba,2015-02-18,26,1,0,5,20,6250000,0,0,ハービンジャー,Dansili,デインヒル,Danzig,Razyana,Hasili,Kahyasi,Kerali,PenangPearl,Bering,ArcticTern,Beaune,Guapa,ShareefDancer,Sauceboat,ヤマノサッシュ,ファルブラヴ,FairyKing,NorthernDancer,FairyBridge,GiftoftheNight,Slewpy,LittleNana,プリンセスゴールド,サンデーサイレンス,Halo,WishingWell,ゴールデンサッシュ,ディクタス,ダイナサッシュ
2015105190,ドゥマン,boba,2015-05-27,8,1,1,0,6,3300000,0,0,ハーツクライ,サンデーサイレンス,Halo,HailtoReason,Cosmah,WishingWell,Understanding,MountainFlower,アイリッシュダンス,トニービン,カンパラ,SevernBridge,ビューパーダンス,Lyphard,MyBupers,ヤマノラヴ,アグネスデジタル,CraftyProspector,Mr.Prospector,RealCraftyLady,ChanceySquaw,Chief'sCrown,Allicance,ヤマノバイオレット,フジキセキ,サンデーサイレンス,ミルレーサー,ヤマノタンポポ,トウショウボーイ,パーソロック
2015105191,クワトロダッシュ,boba,2015-03-24,13,1,2,0,10,12200000,0,0,タートルボウル,DyhimDiamond,NightShift,NorthernDancer,Ciboulette,HappyLanding,Homing,LaughingGoddess,ClaraBow,TopVille,HighTop,SegaVille,Kamiya,Kalamoun,Shahinaaz,ラヴィングサンデー,サンデーサイレンス,Halo,HailtoReason,Cosmah,WishingWell,Understanding,MountainFlower,プリンセスシラオキ,ミルジョージ,MillReef,MissCharisma,クイーンシラオキ,コインドシルバー,ワカシラオキ
2015105192,ブルレジーナ,hinba,2015-04-07,14,2,2,0,10,18000000,0,0,ハーツクライ,サンデーサイレンス,Halo,HailtoReason,Cosmah,WishingWell,Understanding,MountainFlower,アイリッシュダンス,トニービン,カンパラ,SevernBridge,ビューパーダンス,Lyphard,MyBupers,リキオリンピア,エンドスウィープ,フォーティナイナー,Mr.Prospector,File,BroomDance,DanceSpell,WitchingHour,OperaQueen,PleasantColony,HisMajesty,SunColony,Cadeauxd'Amie,Lyphard,Tananarive
2015105193,オスカールビー,hinba,2015-05-31,16,2,1,3,10,31420000,2,0,ハーツクライ,サンデーサイレンス,Halo,HailtoReason,Cosmah,WishingWell,Understanding,MountainFlower,アイリッシュダンス,トニービン,カンパラ,SevernBridge,ビューパーダンス,Lyphard,MyBupers,リキセレナード,ジェイドロバリー,Mr.Prospector,RaiseaNative,GoldDigger,Number,Nijinsky,Special,ムーンセレナード,ミスターシービー,トウショウボーイ,シービークイン,ダイナセレナード,エルセンタウロ,フリソデ
2015105194,リリアンローズ,hinba,2015-02-21,15,2,2,2,9,2550000,0,0,ゴールドアリュール,サンデーサイレンス,Halo,HailtoReason,Cosmah,WishingWell,Understanding,MountainFlower,ニキーヤ,Nureyev,NorthernDancer,Special,ReluctantGuest,Hostage,VaguelyRoyal,リリアンタイム,ブライアンズタイム,Roberto,HailtoReason,Bramalea,Kelley'sDay,Graustark,GoldenTrail,リキマドレード,Miswaki,Mr.Prospector,Hopespringseternal,ウインクアットデエンジャー,Danzig,TiltMyHalo
2015105195,ココアスナイン,hinba,2015-02-15,10,4,1,2,3,1800000,0,0,シニスターミニスター,OldTrieste,A.P.Indy,SeattleSlew,WeekendSurprise,LovlierLinda,Vigors,LindaSummers,SweetMinister,ThePrimeMinister,DeputyMinister,SticktoBeauty,SweetBlue,HurryUpBlue,SugarGold,ワイメアビーチ,フジキセキ,サンデーサイレンス,Halo,WishingWell,ミルレーサー,LeFabuleux,Marston'sMill,リキマドレード,Miswaki,Mr.Prospector,Hopespringseternal,ウインクアットデエンジャー,Danzig,TiltMyHalo
2015105196,ニシノエクレール,hinba,2015-04-18,9,0,0,0,9,0,0,0,エイシンフラッシュ,キングズベスト,Kingmambo,Mr.Prospector,Miesque,Allegretta,Lombard,Anatevka,ムーンレディ,プラティニ,Surumu,PrairieDarling,MidnightFever,SureBlade,Majoritat,ショウナンアネーロ,ダンスインザダーク,サンデーサイレンス,Halo,WishingWell,ダンシングキイ,Nijinsky,KeyPartner,ショウナンハピネス,KrisS.,Roberto,SharpQueen,RamblingBarb,Cormorant,BouncyBarb
2015105197,ニシノマメフク,hinba,2015-02-10,4,0,3,1,0,8100000,0,0,スペシャルウィーク,サンデーサイレンス,Halo,HailtoReason,Cosmah,WishingWell,Understanding,MountainFlower,キャンペンガール,マルゼンスキー,Nijinsky,シル,レディーシラオキ,セントクレスピン,ミスアシヤガワ,セイウンアグライア,シングスピール,IntheWings,Sadler'sWells,ハイホーク,GloriousSong,Halo,Ballade,GrecianBride,グルームダンサー,BlushingGroom,Featherhill,Greektown,Ela-Mana-Mou,Edinburgh
2015105198,ニシノハピネス,hinba,2015-05-03,18,2,4,0,12,800000,0,0,モンテロッソ,Dubawi,DubaiMillennium,SeekingtheGold,ColoradoDancer,Zomaradah,Deploy,Jawaher,PortoRoca,Barathea,Sadler'sWells,Brocade,Antelliere,Salieri,Anntelle,チェインブラッド,マンハッタンカフェ,サンデーサイレンス,Halo,WishingWell,サトルチェンジ,LawSociety,SantaLuciana,ナスキ,Nashwan,BlushingGroom,HeightofFashion,Calpella,Ajdal,Calandra
2015105199,ニシノオリーブ,hinba,2015-03-04,21,2,1,2,16,19700000,0,0,リーチザクラウン,スペシャルウィーク,サンデーサイレンス,Halo,WishingWell,キャンペンガール,マルゼンスキー,レディーシラオキ,クラウンピース,SeattleSlew,BoldReasoning,MyCharmer,クラシッククラウン,Mr.Prospector,SixCrowns,ニシノキミヨ,バゴ,Nashwan,BlushingGroom,HeightofFashion,Moonlight'sBox,Nureyev,CoupdeGenie,ナドラ,Sadler'sWells,NorthernDancer,FairyBridge,BintPasha,Affirmed,IcelyPolite

